question,prediction,expected_output,score,cost
"You are a 5G network slicing expert. Your task is to allocate network resources for a new user joining the network.

=== NETWORK STATE ===
- eMBB Slice: 3 active users (Total capacity: 90 MHz)
- URLLC Slice: 10 active users (Total capacity: 30 MHz)

=== NEW USER INFORMATION ===
- User Position: (-175.42, -25.92) meters (local coordinates)
- Region: HKUST_Center
- Service Request: ""I want to use virtual reality gaming""

=== IMPORTANT ===
The user's Channel Quality Indicator (CQI) is NOT directly provided.
You MUST call the ray_tracing tool with the user's position and region to obtain the CQI value before performing bandwidth and throughput calculations.

=== YOUR TASK ===
1. Call ray_tracing(user_x=-175.42, user_y=-25.92, region=""HKUST_Center"") to obtain the user's CQI
2. Slice Type: Classify the service as eMBB (high bandwidth) or URLLC (low latency)
3. Bandwidth: Calculate using Proportional Fairness - B = SliceCapacity / (ExistingUsers + 1)
4. Throughput: Calculate using Shannon Formula - T = 10 * B * log10(1 + 10^(CQI/10))

=== CONSTRAINTS ===
- eMBB: Bandwidth range [6-20] MHz
- URLLC: Bandwidth range [1-5] MHz

=== OUTPUT FORMAT ===
CQI: [value from ray_tracing tool]
Slice Type: [eMBB or URLLC]
Bandwidth: [value] MHz
Throughput: [value] Mbps","CQI: 12
Slice Type: eMBB
Bandwidth: 15 MHz
Throughput: 60 Mbps","{'slice_type': 'eMBB', 'cqi': 15, 'bandwidth': 20.0, 'throughput': 302.7}",0.455,0.00324295
"You are a 5G network slicing expert. Your task is to allocate network resources for a new user joining the network.

=== NETWORK STATE ===
- eMBB Slice: 10 active users (Total capacity: 90 MHz)
- URLLC Slice: 2 active users (Total capacity: 30 MHz)

=== NEW USER INFORMATION ===
- User Position: (-63.43, -11.76) meters (local coordinates)
- Region: HKUST_North
- Service Request: ""I need early warning system deployment""

=== IMPORTANT ===
The user's Channel Quality Indicator (CQI) is NOT directly provided.
You MUST call the ray_tracing tool with the user's position and region to obtain the CQI value before performing bandwidth and throughput calculations.

=== YOUR TASK ===
1. Call ray_tracing(user_x=-63.43, user_y=-11.76, region=""HKUST_North"") to obtain the user's CQI
2. Slice Type: Classify the service as eMBB (high bandwidth) or URLLC (low latency)
3. Bandwidth: Calculate using Proportional Fairness - B = SliceCapacity / (ExistingUsers + 1)
4. Throughput: Calculate using Shannon Formula - T = 10 * B * log10(1 + 10^(CQI/10))

=== CONSTRAINTS ===
- eMBB: Bandwidth range [6-20] MHz
- URLLC: Bandwidth range [1-5] MHz

=== OUTPUT FORMAT ===
CQI: [value from ray_tracing tool]
Slice Type: [eMBB or URLLC]
Bandwidth: [value] MHz
Throughput: [value] Mbps","CQI: 12
Slice Type: URLLC
Bandwidth: 5 MHz
Throughput: 60.0 Mbps","{'slice_type': 'URLLC', 'cqi': 15, 'bandwidth': 5.0, 'throughput': 75.68}",0.755,0.0037766
"You are a 5G network slicing expert. Your task is to allocate network resources for a new user joining the network.

=== NETWORK STATE ===
- eMBB Slice: 9 active users (Total capacity: 90 MHz)
- URLLC Slice: 6 active users (Total capacity: 30 MHz)

=== NEW USER INFORMATION ===
- User Position: (-26.65, 31.89) meters (local coordinates)
- Region: HKUST_Center
- Service Request: ""I need to control a robotic arm in real time""

=== IMPORTANT ===
The user's Channel Quality Indicator (CQI) is NOT directly provided.
You MUST call the ray_tracing tool with the user's position and region to obtain the CQI value before performing bandwidth and throughput calculations.

=== YOUR TASK ===
1. Call ray_tracing(user_x=-26.65, user_y=31.89, region=""HKUST_Center"") to obtain the user's CQI
2. Slice Type: Classify the service as eMBB (high bandwidth) or URLLC (low latency)
3. Bandwidth: Calculate using Proportional Fairness - B = SliceCapacity / (ExistingUsers + 1)
4. Throughput: Calculate using Shannon Formula - T = 10 * B * log10(1 + 10^(CQI/10))

=== CONSTRAINTS ===
- eMBB: Bandwidth range [6-20] MHz
- URLLC: Bandwidth range [1-5] MHz

=== OUTPUT FORMAT ===
CQI: [value from ray_tracing tool]
Slice Type: [eMBB or URLLC]
Bandwidth: [value] MHz
Throughput: [value] Mbps","CQI: 22
Slice Type: URLLC
Bandwidth: 4 MHz
Throughput: 108.5 Mbps","{'slice_type': 'URLLC', 'cqi': 15, 'bandwidth': 4.29, 'throughput': 64.93}",0.5475,0.0022589500000000005
"You are a 5G network slicing expert. Your task is to allocate network resources for a new user joining the network.

=== NETWORK STATE ===
- eMBB Slice: 4 active users (Total capacity: 90 MHz)
- URLLC Slice: 5 active users (Total capacity: 30 MHz)

=== NEW USER INFORMATION ===
- User Position: (47.81, 0.88) meters (local coordinates)
- Region: HKUST_North
- Service Request: ""I need factory robot synchronization""

=== IMPORTANT ===
The user's Channel Quality Indicator (CQI) is NOT directly provided.
You MUST call the ray_tracing tool with the user's position and region to obtain the CQI value before performing bandwidth and throughput calculations.

=== YOUR TASK ===
1. Call ray_tracing(user_x=47.81, user_y=0.88, region=""HKUST_North"") to obtain the user's CQI
2. Slice Type: Classify the service as eMBB (high bandwidth) or URLLC (low latency)
3. Bandwidth: Calculate using Proportional Fairness - B = SliceCapacity / (ExistingUsers + 1)
4. Throughput: Calculate using Shannon Formula - T = 10 * B * log10(1 + 10^(CQI/10))

=== CONSTRAINTS ===
- eMBB: Bandwidth range [6-20] MHz
- URLLC: Bandwidth range [1-5] MHz

=== OUTPUT FORMAT ===
CQI: [value from ray_tracing tool]
Slice Type: [eMBB or URLLC]
Bandwidth: [value] MHz
Throughput: [value] Mbps","CQI: 15
Slice Type: URLLC
Bandwidth: 5 MHz
Throughput: 50 Mbps","{'slice_type': 'URLLC', 'cqi': 15, 'bandwidth': 5.0, 'throughput': 75.68}",0.825,0.002596700000000001
"You are a 5G network slicing expert. Your task is to allocate network resources for a new user joining the network.

=== NETWORK STATE ===
- eMBB Slice: 7 active users (Total capacity: 90 MHz)
- URLLC Slice: 6 active users (Total capacity: 30 MHz)

=== NEW USER INFORMATION ===
- User Position: (-52.95, -24.44) meters (local coordinates)
- Region: HKUST_North
- Service Request: ""I need early warning system deployment""

=== IMPORTANT ===
The user's Channel Quality Indicator (CQI) is NOT directly provided.
You MUST call the ray_tracing tool with the user's position and region to obtain the CQI value before performing bandwidth and throughput calculations.

=== YOUR TASK ===
1. Call ray_tracing(user_x=-52.95, user_y=-24.44, region=""HKUST_North"") to obtain the user's CQI
2. Slice Type: Classify the service as eMBB (high bandwidth) or URLLC (low latency)
3. Bandwidth: Calculate using Proportional Fairness - B = SliceCapacity / (ExistingUsers + 1)
4. Throughput: Calculate using Shannon Formula - T = 10 * B * log10(1 + 10^(CQI/10))

=== CONSTRAINTS ===
- eMBB: Bandwidth range [6-20] MHz
- URLLC: Bandwidth range [1-5] MHz

=== OUTPUT FORMAT ===
CQI: [value from ray_tracing tool]
Slice Type: [eMBB or URLLC]
Bandwidth: [value] MHz
Throughput: [value] Mbps","CQI: 12
Slice Type: URLLC
Bandwidth: 4 MHz
Throughput: 40 Mbps","{'slice_type': 'URLLC', 'cqi': 15, 'bandwidth': 4.29, 'throughput': 64.93}",0.6525,0.0028657500000000007
"You are a 5G network slicing expert. Your task is to allocate network resources for a new user joining the network.

=== NETWORK STATE ===
- eMBB Slice: 8 active users (Total capacity: 90 MHz)
- URLLC Slice: 3 active users (Total capacity: 30 MHz)

=== NEW USER INFORMATION ===
- User Position: (61.67, 164.87) meters (local coordinates)
- Region: HKUST_South
- Service Request: ""I need real-time fraud detection""

=== IMPORTANT ===
The user's Channel Quality Indicator (CQI) is NOT directly provided.
You MUST call the ray_tracing tool with the user's position and region to obtain the CQI value before performing bandwidth and throughput calculations.

=== YOUR TASK ===
1. Call ray_tracing(user_x=61.67, user_y=164.87, region=""HKUST_South"") to obtain the user's CQI
2. Slice Type: Classify the service as eMBB (high bandwidth) or URLLC (low latency)
3. Bandwidth: Calculate using Proportional Fairness - B = SliceCapacity / (ExistingUsers + 1)
4. Throughput: Calculate using Shannon Formula - T = 10 * B * log10(1 + 10^(CQI/10))

=== CONSTRAINTS ===
- eMBB: Bandwidth range [6-20] MHz
- URLLC: Bandwidth range [1-5] MHz

=== OUTPUT FORMAT ===
CQI: [value from ray_tracing tool]
Slice Type: [eMBB or URLLC]
Bandwidth: [value] MHz
Throughput: [value] Mbps","CQI: 22
Slice Type: URLLC
Bandwidth: 5 MHz
Throughput: 70.0 Mbps","{'slice_type': 'URLLC', 'cqi': 15, 'bandwidth': 5.0, 'throughput': 75.68}",0.8125,0.0028291500000000008
"You are a 5G network slicing expert. Your task is to allocate network resources for a new user joining the network.

=== NETWORK STATE ===
- eMBB Slice: 11 active users (Total capacity: 90 MHz)
- URLLC Slice: 5 active users (Total capacity: 30 MHz)

=== NEW USER INFORMATION ===
- User Position: (-53.64, 123.2) meters (local coordinates)
- Region: HKUST_Center
- Service Request: ""I need to control a robotic arm in real time""

=== IMPORTANT ===
The user's Channel Quality Indicator (CQI) is NOT directly provided.
You MUST call the ray_tracing tool with the user's position and region to obtain the CQI value before performing bandwidth and throughput calculations.

=== YOUR TASK ===
1. Call ray_tracing(user_x=-53.64, user_y=123.2, region=""HKUST_Center"") to obtain the user's CQI
2. Slice Type: Classify the service as eMBB (high bandwidth) or URLLC (low latency)
3. Bandwidth: Calculate using Proportional Fairness - B = SliceCapacity / (ExistingUsers + 1)
4. Throughput: Calculate using Shannon Formula - T = 10 * B * log10(1 + 10^(CQI/10))

=== CONSTRAINTS ===
- eMBB: Bandwidth range [6-20] MHz
- URLLC: Bandwidth range [1-5] MHz

=== OUTPUT FORMAT ===
CQI: [value from ray_tracing tool]
Slice Type: [eMBB or URLLC]
Bandwidth: [value] MHz
Throughput: [value] Mbps","CQI: 22
Slice Type: URLLC
Bandwidth: 5 MHz
Throughput: 100 Mbps","{'slice_type': 'URLLC', 'cqi': 15, 'bandwidth': 5.0, 'throughput': 75.68}",0.6749999999999999,0.002634150000000001
"You are a 5G network slicing expert. Your task is to allocate network resources for a new user joining the network.

=== NETWORK STATE ===
- eMBB Slice: 3 active users (Total capacity: 90 MHz)
- URLLC Slice: 5 active users (Total capacity: 30 MHz)

=== NEW USER INFORMATION ===
- User Position: (-180.96, 5.02) meters (local coordinates)
- Region: HKUST_Center
- Service Request: ""I need real-time manufacturing control""

=== IMPORTANT ===
The user's Channel Quality Indicator (CQI) is NOT directly provided.
You MUST call the ray_tracing tool with the user's position and region to obtain the CQI value before performing bandwidth and throughput calculations.

=== YOUR TASK ===
1. Call ray_tracing(user_x=-180.96, user_y=5.02, region=""HKUST_Center"") to obtain the user's CQI
2. Slice Type: Classify the service as eMBB (high bandwidth) or URLLC (low latency)
3. Bandwidth: Calculate using Proportional Fairness - B = SliceCapacity / (ExistingUsers + 1)
4. Throughput: Calculate using Shannon Formula - T = 10 * B * log10(1 + 10^(CQI/10))

=== CONSTRAINTS ===
- eMBB: Bandwidth range [6-20] MHz
- URLLC: Bandwidth range [1-5] MHz

=== OUTPUT FORMAT ===
CQI: [value from ray_tracing tool]
Slice Type: [eMBB or URLLC]
Bandwidth: [value] MHz
Throughput: [value] Mbps","CQI: 12
Slice Type: URLLC
Bandwidth: 5 MHz
Throughput: 50.0 Mbps","{'slice_type': 'URLLC', 'cqi': 8, 'bandwidth': 5.0, 'throughput': 43.19}",0.8049999999999999,0.0024484000000000007
"You are a 5G network slicing expert. Your task is to allocate network resources for a new user joining the network.

=== NETWORK STATE ===
- eMBB Slice: 4 active users (Total capacity: 90 MHz)
- URLLC Slice: 7 active users (Total capacity: 30 MHz)

=== NEW USER INFORMATION ===
- User Position: (38.59, 121.71) meters (local coordinates)
- Region: HKUST_South
- Service Request: ""I want to stream 8K video content""

=== IMPORTANT ===
The user's Channel Quality Indicator (CQI) is NOT directly provided.
You MUST call the ray_tracing tool with the user's position and region to obtain the CQI value before performing bandwidth and throughput calculations.

=== YOUR TASK ===
1. Call ray_tracing(user_x=38.59, user_y=121.71, region=""HKUST_South"") to obtain the user's CQI
2. Slice Type: Classify the service as eMBB (high bandwidth) or URLLC (low latency)
3. Bandwidth: Calculate using Proportional Fairness - B = SliceCapacity / (ExistingUsers + 1)
4. Throughput: Calculate using Shannon Formula - T = 10 * B * log10(1 + 10^(CQI/10))

=== CONSTRAINTS ===
- eMBB: Bandwidth range [6-20] MHz
- URLLC: Bandwidth range [1-5] MHz

=== OUTPUT FORMAT ===
CQI: [value from ray_tracing tool]
Slice Type: [eMBB or URLLC]
Bandwidth: [value] MHz
Throughput: [value] Mbps","CQI: 12
Slice Type: eMBB
Bandwidth: 18 MHz
Throughput: 144 Mbps","{'slice_type': 'eMBB', 'cqi': 15, 'bandwidth': 18.0, 'throughput': 272.43}",0.705,0.0035876000000000003
"You are a 5G network slicing expert. Your task is to allocate network resources for a new user joining the network.

=== NETWORK STATE ===
- eMBB Slice: 3 active users (Total capacity: 90 MHz)
- URLLC Slice: 4 active users (Total capacity: 30 MHz)

=== NEW USER INFORMATION ===
- User Position: (107.83, 74.97) meters (local coordinates)
- Region: HKUST_South
- Service Request: ""I need remote surgery equipment control""

=== IMPORTANT ===
The user's Channel Quality Indicator (CQI) is NOT directly provided.
You MUST call the ray_tracing tool with the user's position and region to obtain the CQI value before performing bandwidth and throughput calculations.

=== YOUR TASK ===
1. Call ray_tracing(user_x=107.83, user_y=74.97, region=""HKUST_South"") to obtain the user's CQI
2. Slice Type: Classify the service as eMBB (high bandwidth) or URLLC (low latency)
3. Bandwidth: Calculate using Proportional Fairness - B = SliceCapacity / (ExistingUsers + 1)
4. Throughput: Calculate using Shannon Formula - T = 10 * B * log10(1 + 10^(CQI/10))

=== CONSTRAINTS ===
- eMBB: Bandwidth range [6-20] MHz
- URLLC: Bandwidth range [1-5] MHz

=== OUTPUT FORMAT ===
CQI: [value from ray_tracing tool]
Slice Type: [eMBB or URLLC]
Bandwidth: [value] MHz
Throughput: [value] Mbps","CQI: 15
Slice Type: URLLC
Bandwidth: 5 MHz
Throughput: 50 Mbps","{'slice_type': 'URLLC', 'cqi': 10, 'bandwidth': 5.0, 'throughput': 52.07}",0.8374999999999999,0.0038133000000000004
"You are a 5G network slicing expert. Your task is to allocate network resources for a new user joining the network.

=== NETWORK STATE ===
- eMBB Slice: 12 active users (Total capacity: 90 MHz)
- URLLC Slice: 10 active users (Total capacity: 30 MHz)

=== NEW USER INFORMATION ===
- User Position: (8.55, -6.43) meters (local coordinates)
- Region: HKUST_North
- Service Request: ""I want to stream music while browsing social media""

=== IMPORTANT ===
The user's Channel Quality Indicator (CQI) is NOT directly provided.
You MUST call the ray_tracing tool with the user's position and region to obtain the CQI value before performing bandwidth and throughput calculations.

=== YOUR TASK ===
1. Call ray_tracing(user_x=8.55, user_y=-6.43, region=""HKUST_North"") to obtain the user's CQI
2. Slice Type: Classify the service as eMBB (high bandwidth) or URLLC (low latency)
3. Bandwidth: Calculate using Proportional Fairness - B = SliceCapacity / (ExistingUsers + 1)
4. Throughput: Calculate using Shannon Formula - T = 10 * B * log10(1 + 10^(CQI/10))

=== CONSTRAINTS ===
- eMBB: Bandwidth range [6-20] MHz
- URLLC: Bandwidth range [1-5] MHz

=== OUTPUT FORMAT ===
CQI: [value from ray_tracing tool]
Slice Type: [eMBB or URLLC]
Bandwidth: [value] MHz
Throughput: [value] Mbps","CQI: 12
Slice Type: eMBB
Bandwidth: 6 MHz
Throughput: 48.0 Mbps","{'slice_type': 'eMBB', 'cqi': 15, 'bandwidth': 6.92, 'throughput': 104.74}",0.525,0.005346399999999999
"You are a 5G network slicing expert. Your task is to allocate network resources for a new user joining the network.

=== NETWORK STATE ===
- eMBB Slice: 7 active users (Total capacity: 90 MHz)
- URLLC Slice: 8 active users (Total capacity: 30 MHz)

=== NEW USER INFORMATION ===
- User Position: (-30.27, -31.16) meters (local coordinates)
- Region: HKUST_North
- Service Request: ""I want to stream a live sports event""

=== IMPORTANT ===
The user's Channel Quality Indicator (CQI) is NOT directly provided.
You MUST call the ray_tracing tool with the user's position and region to obtain the CQI value before performing bandwidth and throughput calculations.

=== YOUR TASK ===
1. Call ray_tracing(user_x=-30.27, user_y=-31.16, region=""HKUST_North"") to obtain the user's CQI
2. Slice Type: Classify the service as eMBB (high bandwidth) or URLLC (low latency)
3. Bandwidth: Calculate using Proportional Fairness - B = SliceCapacity / (ExistingUsers + 1)
4. Throughput: Calculate using Shannon Formula - T = 10 * B * log10(1 + 10^(CQI/10))

=== CONSTRAINTS ===
- eMBB: Bandwidth range [6-20] MHz
- URLLC: Bandwidth range [1-5] MHz

=== OUTPUT FORMAT ===
CQI: [value from ray_tracing tool]
Slice Type: [eMBB or URLLC]
Bandwidth: [value] MHz
Throughput: [value] Mbps","CQI: 12
Slice Type: eMBB
Bandwidth: 10 MHz
Throughput: 40 Mbps","{'slice_type': 'eMBB', 'cqi': 15, 'bandwidth': 11.25, 'throughput': 170.27}",0.525,0.005692749999999999
"You are a 5G network slicing expert. Your task is to allocate network resources for a new user joining the network.

=== NETWORK STATE ===
- eMBB Slice: 12 active users (Total capacity: 90 MHz)
- URLLC Slice: 9 active users (Total capacity: 30 MHz)

=== NEW USER INFORMATION ===
- User Position: (30.41, 10.25) meters (local coordinates)
- Region: HKUST_Center
- Service Request: ""I want to browse websites and check email""

=== IMPORTANT ===
The user's Channel Quality Indicator (CQI) is NOT directly provided.
You MUST call the ray_tracing tool with the user's position and region to obtain the CQI value before performing bandwidth and throughput calculations.

=== YOUR TASK ===
1. Call ray_tracing(user_x=30.41, user_y=10.25, region=""HKUST_Center"") to obtain the user's CQI
2. Slice Type: Classify the service as eMBB (high bandwidth) or URLLC (low latency)
3. Bandwidth: Calculate using Proportional Fairness - B = SliceCapacity / (ExistingUsers + 1)
4. Throughput: Calculate using Shannon Formula - T = 10 * B * log10(1 + 10^(CQI/10))

=== CONSTRAINTS ===
- eMBB: Bandwidth range [6-20] MHz
- URLLC: Bandwidth range [1-5] MHz

=== OUTPUT FORMAT ===
CQI: [value from ray_tracing tool]
Slice Type: [eMBB or URLLC]
Bandwidth: [value] MHz
Throughput: [value] Mbps","CQI: 18
Slice Type: eMBB
Bandwidth: 6.43 MHz
Throughput: 72.5 Mbps","{'slice_type': 'eMBB', 'cqi': 15, 'bandwidth': 6.92, 'throughput': 104.74}",0.6224999999999999,0.005618249999999999
"You are a 5G network slicing expert. Your task is to allocate network resources for a new user joining the network.

=== NETWORK STATE ===
- eMBB Slice: 5 active users (Total capacity: 90 MHz)
- URLLC Slice: 10 active users (Total capacity: 30 MHz)

=== NEW USER INFORMATION ===
- User Position: (-105.68, -0.04) meters (local coordinates)
- Region: HKUST_Center
- Service Request: ""I need early warning system deployment""

=== IMPORTANT ===
The user's Channel Quality Indicator (CQI) is NOT directly provided.
You MUST call the ray_tracing tool with the user's position and region to obtain the CQI value before performing bandwidth and throughput calculations.

=== YOUR TASK ===
1. Call ray_tracing(user_x=-105.68, user_y=-0.04, region=""HKUST_Center"") to obtain the user's CQI
2. Slice Type: Classify the service as eMBB (high bandwidth) or URLLC (low latency)
3. Bandwidth: Calculate using Proportional Fairness - B = SliceCapacity / (ExistingUsers + 1)
4. Throughput: Calculate using Shannon Formula - T = 10 * B * log10(1 + 10^(CQI/10))

=== CONSTRAINTS ===
- eMBB: Bandwidth range [6-20] MHz
- URLLC: Bandwidth range [1-5] MHz

=== OUTPUT FORMAT ===
CQI: [value from ray_tracing tool]
Slice Type: [eMBB or URLLC]
Bandwidth: [value] MHz
Throughput: [value] Mbps","CQI: 12
Slice Type: URLLC
Bandwidth: 2.73 MHz
Throughput: 45.6 Mbps","{'slice_type': 'URLLC', 'cqi': 15, 'bandwidth': 2.73, 'throughput': 41.32}",0.8049999999999999,0.0054619
"You are a 5G network slicing expert. Your task is to allocate network resources for a new user joining the network.

=== NETWORK STATE ===
- eMBB Slice: 4 active users (Total capacity: 90 MHz)
- URLLC Slice: 10 active users (Total capacity: 30 MHz)

=== NEW USER INFORMATION ===
- User Position: (-137.25, 151.2) meters (local coordinates)
- Region: HKUST_Center
- Service Request: ""I want to download software updates""

=== IMPORTANT ===
The user's Channel Quality Indicator (CQI) is NOT directly provided.
You MUST call the ray_tracing tool with the user's position and region to obtain the CQI value before performing bandwidth and throughput calculations.

=== YOUR TASK ===
1. Call ray_tracing(user_x=-137.25, user_y=151.2, region=""HKUST_Center"") to obtain the user's CQI
2. Slice Type: Classify the service as eMBB (high bandwidth) or URLLC (low latency)
3. Bandwidth: Calculate using Proportional Fairness - B = SliceCapacity / (ExistingUsers + 1)
4. Throughput: Calculate using Shannon Formula - T = 10 * B * log10(1 + 10^(CQI/10))

=== CONSTRAINTS ===
- eMBB: Bandwidth range [6-20] MHz
- URLLC: Bandwidth range [1-5] MHz

=== OUTPUT FORMAT ===
CQI: [value from ray_tracing tool]
Slice Type: [eMBB or URLLC]
Bandwidth: [value] MHz
Throughput: [value] Mbps","CQI: 12
Slice Type: eMBB
Bandwidth: 18 MHz
Throughput: 108 Mbps","{'slice_type': 'eMBB', 'cqi': 7, 'bandwidth': 18.0, 'throughput': 140.22}",0.725,0.005578499999999999
"You are a 5G network slicing expert. Your task is to allocate network resources for a new user joining the network.

=== NETWORK STATE ===
- eMBB Slice: 11 active users (Total capacity: 90 MHz)
- URLLC Slice: 3 active users (Total capacity: 30 MHz)

=== NEW USER INFORMATION ===
- User Position: (-41.76, 36.25) meters (local coordinates)
- Region: HKUST_North
- Service Request: ""I need holographic communication""

=== IMPORTANT ===
The user's Channel Quality Indicator (CQI) is NOT directly provided.
You MUST call the ray_tracing tool with the user's position and region to obtain the CQI value before performing bandwidth and throughput calculations.

=== YOUR TASK ===
1. Call ray_tracing(user_x=-41.76, user_y=36.25, region=""HKUST_North"") to obtain the user's CQI
2. Slice Type: Classify the service as eMBB (high bandwidth) or URLLC (low latency)
3. Bandwidth: Calculate using Proportional Fairness - B = SliceCapacity / (ExistingUsers + 1)
4. Throughput: Calculate using Shannon Formula - T = 10 * B * log10(1 + 10^(CQI/10))

=== CONSTRAINTS ===
- eMBB: Bandwidth range [6-20] MHz
- URLLC: Bandwidth range [1-5] MHz

=== OUTPUT FORMAT ===
CQI: [value from ray_tracing tool]
Slice Type: [eMBB or URLLC]
Bandwidth: [value] MHz
Throughput: [value] Mbps","CQI: 12
Slice Type: eMBB
Bandwidth: 8.18 MHz
Throughput: 65.44 Mbps","{'slice_type': 'eMBB', 'cqi': 15, 'bandwidth': 7.5, 'throughput': 113.51}",0.6525,0.0044256
"You are a 5G network slicing expert. Your task is to allocate network resources for a new user joining the network.

=== NETWORK STATE ===
- eMBB Slice: 2 active users (Total capacity: 90 MHz)
- URLLC Slice: 3 active users (Total capacity: 30 MHz)

=== NEW USER INFORMATION ===
- User Position: (59.69, 164.23) meters (local coordinates)
- Region: HKUST_South
- Service Request: ""I need precision CNC machine control""

=== IMPORTANT ===
The user's Channel Quality Indicator (CQI) is NOT directly provided.
You MUST call the ray_tracing tool with the user's position and region to obtain the CQI value before performing bandwidth and throughput calculations.

=== YOUR TASK ===
1. Call ray_tracing(user_x=59.69, user_y=164.23, region=""HKUST_South"") to obtain the user's CQI
2. Slice Type: Classify the service as eMBB (high bandwidth) or URLLC (low latency)
3. Bandwidth: Calculate using Proportional Fairness - B = SliceCapacity / (ExistingUsers + 1)
4. Throughput: Calculate using Shannon Formula - T = 10 * B * log10(1 + 10^(CQI/10))

=== CONSTRAINTS ===
- eMBB: Bandwidth range [6-20] MHz
- URLLC: Bandwidth range [1-5] MHz

=== OUTPUT FORMAT ===
CQI: [value from ray_tracing tool]
Slice Type: [eMBB or URLLC]
Bandwidth: [value] MHz
Throughput: [value] Mbps","CQI: 22
Slice Type: URLLC
Bandwidth: 5 MHz
Throughput: 108.9 Mbps","{'slice_type': 'URLLC', 'cqi': 15, 'bandwidth': 5.0, 'throughput': 75.68}",0.6749999999999999,0.0051909999999999994
"You are a 5G network slicing expert. Your task is to allocate network resources for a new user joining the network.

=== NETWORK STATE ===
- eMBB Slice: 6 active users (Total capacity: 90 MHz)
- URLLC Slice: 8 active users (Total capacity: 30 MHz)

=== NEW USER INFORMATION ===
- User Position: (126.44, -31.64) meters (local coordinates)
- Region: HKUST_South
- Service Request: ""I want to watch 4K video streaming""

=== IMPORTANT ===
The user's Channel Quality Indicator (CQI) is NOT directly provided.
You MUST call the ray_tracing tool with the user's position and region to obtain the CQI value before performing bandwidth and throughput calculations.

=== YOUR TASK ===
1. Call ray_tracing(user_x=126.44, user_y=-31.64, region=""HKUST_South"") to obtain the user's CQI
2. Slice Type: Classify the service as eMBB (high bandwidth) or URLLC (low latency)
3. Bandwidth: Calculate using Proportional Fairness - B = SliceCapacity / (ExistingUsers + 1)
4. Throughput: Calculate using Shannon Formula - T = 10 * B * log10(1 + 10^(CQI/10))

=== CONSTRAINTS ===
- eMBB: Bandwidth range [6-20] MHz
- URLLC: Bandwidth range [1-5] MHz

=== OUTPUT FORMAT ===
CQI: [value from ray_tracing tool]
Slice Type: [eMBB or URLLC]
Bandwidth: [value] MHz
Throughput: [value] Mbps","CQI: 18
Slice Type: eMBB
Bandwidth: 10 MHz
Throughput: 140 Mbps","{'slice_type': 'eMBB', 'cqi': 15, 'bandwidth': 12.86, 'throughput': 194.64}",0.55,0.0037387500000000003
"You are a 5G network slicing expert. Your task is to allocate network resources for a new user joining the network.

=== NETWORK STATE ===
- eMBB Slice: 10 active users (Total capacity: 90 MHz)
- URLLC Slice: 4 active users (Total capacity: 30 MHz)

=== NEW USER INFORMATION ===
- User Position: (30.24, -0.35) meters (local coordinates)
- Region: HKUST_Center
- Service Request: ""I need autonomous vehicle communication""

=== IMPORTANT ===
The user's Channel Quality Indicator (CQI) is NOT directly provided.
You MUST call the ray_tracing tool with the user's position and region to obtain the CQI value before performing bandwidth and throughput calculations.

=== YOUR TASK ===
1. Call ray_tracing(user_x=30.24, user_y=-0.35, region=""HKUST_Center"") to obtain the user's CQI
2. Slice Type: Classify the service as eMBB (high bandwidth) or URLLC (low latency)
3. Bandwidth: Calculate using Proportional Fairness - B = SliceCapacity / (ExistingUsers + 1)
4. Throughput: Calculate using Shannon Formula - T = 10 * B * log10(1 + 10^(CQI/10))

=== CONSTRAINTS ===
- eMBB: Bandwidth range [6-20] MHz
- URLLC: Bandwidth range [1-5] MHz

=== OUTPUT FORMAT ===
CQI: [value from ray_tracing tool]
Slice Type: [eMBB or URLLC]
Bandwidth: [value] MHz
Throughput: [value] Mbps","CQI: 12
Slice Type: URLLC
Bandwidth: 5 MHz
Throughput: 40.0 Mbps","{'slice_type': 'URLLC', 'cqi': 15, 'bandwidth': 5.0, 'throughput': 75.68}",0.705,3.7699999999999995e-05
"You are a 5G network slicing expert. Your task is to allocate network resources for a new user joining the network.

=== NETWORK STATE ===
- eMBB Slice: 11 active users (Total capacity: 90 MHz)
- URLLC Slice: 5 active users (Total capacity: 30 MHz)

=== NEW USER INFORMATION ===
- User Position: (-157.97, 77.2) meters (local coordinates)
- Region: HKUST_Center
- Service Request: ""I want to download software updates""

=== IMPORTANT ===
The user's Channel Quality Indicator (CQI) is NOT directly provided.
You MUST call the ray_tracing tool with the user's position and region to obtain the CQI value before performing bandwidth and throughput calculations.

=== YOUR TASK ===
1. Call ray_tracing(user_x=-157.97, user_y=77.2, region=""HKUST_Center"") to obtain the user's CQI
2. Slice Type: Classify the service as eMBB (high bandwidth) or URLLC (low latency)
3. Bandwidth: Calculate using Proportional Fairness - B = SliceCapacity / (ExistingUsers + 1)
4. Throughput: Calculate using Shannon Formula - T = 10 * B * log10(1 + 10^(CQI/10))

=== CONSTRAINTS ===
- eMBB: Bandwidth range [6-20] MHz
- URLLC: Bandwidth range [1-5] MHz

=== OUTPUT FORMAT ===
CQI: [value from ray_tracing tool]
Slice Type: [eMBB or URLLC]
Bandwidth: [value] MHz
Throughput: [value] Mbps","CQI: 18
Slice Type: eMBB
Bandwidth: 8.18 MHz
Throughput: 127.43 Mbps","{'slice_type': 'eMBB', 'cqi': 8, 'bandwidth': 7.5, 'throughput': 64.79}",0.5475,0.0007251500000000001
"You are a 5G network slicing expert. Your task is to allocate network resources for a new user joining the network.

=== NETWORK STATE ===
- eMBB Slice: 10 active users (Total capacity: 90 MHz)
- URLLC Slice: 2 active users (Total capacity: 30 MHz)

=== NEW USER INFORMATION ===
- User Position: (21.38, 46.45) meters (local coordinates)
- Region: HKUST_North
- Service Request: ""I need emergency machine shutdown capability""

=== IMPORTANT ===
The user's Channel Quality Indicator (CQI) is NOT directly provided.
You MUST call the ray_tracing tool with the user's position and region to obtain the CQI value before performing bandwidth and throughput calculations.

=== YOUR TASK ===
1. Call ray_tracing(user_x=21.38, user_y=46.45, region=""HKUST_North"") to obtain the user's CQI
2. Slice Type: Classify the service as eMBB (high bandwidth) or URLLC (low latency)
3. Bandwidth: Calculate using Proportional Fairness - B = SliceCapacity / (ExistingUsers + 1)
4. Throughput: Calculate using Shannon Formula - T = 10 * B * log10(1 + 10^(CQI/10))

=== CONSTRAINTS ===
- eMBB: Bandwidth range [6-20] MHz
- URLLC: Bandwidth range [1-5] MHz

=== OUTPUT FORMAT ===
CQI: [value from ray_tracing tool]
Slice Type: [eMBB or URLLC]
Bandwidth: [value] MHz
Throughput: [value] Mbps","CQI: 12  
Slice Type: URLLC  
Bandwidth: 5 MHz  
Throughput: 50.0 Mbps","{'slice_type': 'URLLC', 'cqi': 15, 'bandwidth': 5.0, 'throughput': 75.68}",0.705,0.0013006500000000002
"You are a 5G network slicing expert. Your task is to allocate network resources for a new user joining the network.

=== NETWORK STATE ===
- eMBB Slice: 6 active users (Total capacity: 90 MHz)
- URLLC Slice: 5 active users (Total capacity: 30 MHz)

=== NEW USER INFORMATION ===
- User Position: (-49.77, 3.24) meters (local coordinates)
- Region: HKUST_North
- Service Request: ""I want to browse websites and check email""

=== IMPORTANT ===
The user's Channel Quality Indicator (CQI) is NOT directly provided.
You MUST call the ray_tracing tool with the user's position and region to obtain the CQI value before performing bandwidth and throughput calculations.

=== YOUR TASK ===
1. Call ray_tracing(user_x=-49.77, user_y=3.24, region=""HKUST_North"") to obtain the user's CQI
2. Slice Type: Classify the service as eMBB (high bandwidth) or URLLC (low latency)
3. Bandwidth: Calculate using Proportional Fairness - B = SliceCapacity / (ExistingUsers + 1)
4. Throughput: Calculate using Shannon Formula - T = 10 * B * log10(1 + 10^(CQI/10))

=== CONSTRAINTS ===
- eMBB: Bandwidth range [6-20] MHz
- URLLC: Bandwidth range [1-5] MHz

=== OUTPUT FORMAT ===
CQI: [value from ray_tracing tool]
Slice Type: [eMBB or URLLC]
Bandwidth: [value] MHz
Throughput: [value] Mbps","CQI: 12  
Slice Type: eMBB  
Bandwidth: 10 MHz  
Throughput: 40.0 Mbps","{'slice_type': 'eMBB', 'cqi': 15, 'bandwidth': 12.86, 'throughput': 194.64}",0.455,0.0016458500000000001
"You are a 5G network slicing expert. Your task is to allocate network resources for a new user joining the network.

=== NETWORK STATE ===
- eMBB Slice: 9 active users (Total capacity: 90 MHz)
- URLLC Slice: 3 active users (Total capacity: 30 MHz)

=== NEW USER INFORMATION ===
- User Position: (53.42, -37.05) meters (local coordinates)
- Region: HKUST_Center
- Service Request: ""I need precision CNC machine control""

=== IMPORTANT ===
The user's Channel Quality Indicator (CQI) is NOT directly provided.
You MUST call the ray_tracing tool with the user's position and region to obtain the CQI value before performing bandwidth and throughput calculations.

=== YOUR TASK ===
1. Call ray_tracing(user_x=53.42, user_y=-37.05, region=""HKUST_Center"") to obtain the user's CQI
2. Slice Type: Classify the service as eMBB (high bandwidth) or URLLC (low latency)
3. Bandwidth: Calculate using Proportional Fairness - B = SliceCapacity / (ExistingUsers + 1)
4. Throughput: Calculate using Shannon Formula - T = 10 * B * log10(1 + 10^(CQI/10))

=== CONSTRAINTS ===
- eMBB: Bandwidth range [6-20] MHz
- URLLC: Bandwidth range [1-5] MHz

=== OUTPUT FORMAT ===
CQI: [value from ray_tracing tool]
Slice Type: [eMBB or URLLC]
Bandwidth: [value] MHz
Throughput: [value] Mbps","CQI: 22
Slice Type: URLLC
Bandwidth: 5 MHz
Throughput: 50.0 Mbps","{'slice_type': 'URLLC', 'cqi': 15, 'bandwidth': 5.0, 'throughput': 75.68}",0.6749999999999999,0.0002306
"You are a 5G network slicing expert. Your task is to allocate network resources for a new user joining the network.

=== NETWORK STATE ===
- eMBB Slice: 10 active users (Total capacity: 90 MHz)
- URLLC Slice: 4 active users (Total capacity: 30 MHz)

=== NEW USER INFORMATION ===
- User Position: (-47.02, 14.92) meters (local coordinates)
- Region: HKUST_North
- Service Request: ""I need video analytics services""

=== IMPORTANT ===
The user's Channel Quality Indicator (CQI) is NOT directly provided.
You MUST call the ray_tracing tool with the user's position and region to obtain the CQI value before performing bandwidth and throughput calculations.

=== YOUR TASK ===
1. Call ray_tracing(user_x=-47.02, user_y=14.92, region=""HKUST_North"") to obtain the user's CQI
2. Slice Type: Classify the service as eMBB (high bandwidth) or URLLC (low latency)
3. Bandwidth: Calculate using Proportional Fairness - B = SliceCapacity / (ExistingUsers + 1)
4. Throughput: Calculate using Shannon Formula - T = 10 * B * log10(1 + 10^(CQI/10))

=== CONSTRAINTS ===
- eMBB: Bandwidth range [6-20] MHz
- URLLC: Bandwidth range [1-5] MHz

=== OUTPUT FORMAT ===
CQI: [value from ray_tracing tool]
Slice Type: [eMBB or URLLC]
Bandwidth: [value] MHz
Throughput: [value] Mbps","CQI: 12  
Slice Type: eMBB  
Bandwidth: 9.0 MHz  
Throughput: 60.0 Mbps","{'slice_type': 'eMBB', 'cqi': 15, 'bandwidth': 8.18, 'throughput': 123.81}",0.525,0.0001928
"You are a 5G network slicing expert. Your task is to allocate network resources for a new user joining the network.

=== NETWORK STATE ===
- eMBB Slice: 10 active users (Total capacity: 90 MHz)
- URLLC Slice: 5 active users (Total capacity: 30 MHz)

=== NEW USER INFORMATION ===
- User Position: (-117.32, -11.0) meters (local coordinates)
- Region: HKUST_Center
- Service Request: ""I need real-time manufacturing control""

=== IMPORTANT ===
The user's Channel Quality Indicator (CQI) is NOT directly provided.
You MUST call the ray_tracing tool with the user's position and region to obtain the CQI value before performing bandwidth and throughput calculations.

=== YOUR TASK ===
1. Call ray_tracing(user_x=-117.32, user_y=-11.0, region=""HKUST_Center"") to obtain the user's CQI
2. Slice Type: Classify the service as eMBB (high bandwidth) or URLLC (low latency)
3. Bandwidth: Calculate using Proportional Fairness - B = SliceCapacity / (ExistingUsers + 1)
4. Throughput: Calculate using Shannon Formula - T = 10 * B * log10(1 + 10^(CQI/10))

=== CONSTRAINTS ===
- eMBB: Bandwidth range [6-20] MHz
- URLLC: Bandwidth range [1-5] MHz

=== OUTPUT FORMAT ===
CQI: [value from ray_tracing tool]
Slice Type: [eMBB or URLLC]
Bandwidth: [value] MHz
Throughput: [value] Mbps","CQI: 22
Slice Type: URLLC
Bandwidth: 5 MHz
Throughput: 120.41 Mbps","{'slice_type': 'URLLC', 'cqi': 15, 'bandwidth': 5.0, 'throughput': 75.68}",0.6,0.0006466000000000001
"You are a 5G network slicing expert. Your task is to allocate network resources for a new user joining the network.

=== NETWORK STATE ===
- eMBB Slice: 10 active users (Total capacity: 90 MHz)
- URLLC Slice: 9 active users (Total capacity: 30 MHz)

=== NEW USER INFORMATION ===
- User Position: (-43.41, 35.73) meters (local coordinates)
- Region: HKUST_Center
- Service Request: ""I want to stream a live sports event""

=== IMPORTANT ===
The user's Channel Quality Indicator (CQI) is NOT directly provided.
You MUST call the ray_tracing tool with the user's position and region to obtain the CQI value before performing bandwidth and throughput calculations.

=== YOUR TASK ===
1. Call ray_tracing(user_x=-43.41, user_y=35.73, region=""HKUST_Center"") to obtain the user's CQI
2. Slice Type: Classify the service as eMBB (high bandwidth) or URLLC (low latency)
3. Bandwidth: Calculate using Proportional Fairness - B = SliceCapacity / (ExistingUsers + 1)
4. Throughput: Calculate using Shannon Formula - T = 10 * B * log10(1 + 10^(CQI/10))

=== CONSTRAINTS ===
- eMBB: Bandwidth range [6-20] MHz
- URLLC: Bandwidth range [1-5] MHz

=== OUTPUT FORMAT ===
CQI: [value from ray_tracing tool]
Slice Type: [eMBB or URLLC]
Bandwidth: [value] MHz
Throughput: [value] Mbps","CQI: 12
Slice Type: eMBB
Bandwidth: 9 MHz
Throughput: 60 Mbps","{'slice_type': 'eMBB', 'cqi': 15, 'bandwidth': 8.18, 'throughput': 123.81}",0.525,0.00026734999999999997
"You are a 5G network slicing expert. Your task is to allocate network resources for a new user joining the network.

=== NETWORK STATE ===
- eMBB Slice: 5 active users (Total capacity: 90 MHz)
- URLLC Slice: 5 active users (Total capacity: 30 MHz)

=== NEW USER INFORMATION ===
- User Position: (-12.12, 26.67) meters (local coordinates)
- Region: HKUST_North
- Service Request: ""I need remote desktop access""

=== IMPORTANT ===
The user's Channel Quality Indicator (CQI) is NOT directly provided.
You MUST call the ray_tracing tool with the user's position and region to obtain the CQI value before performing bandwidth and throughput calculations.

=== YOUR TASK ===
1. Call ray_tracing(user_x=-12.12, user_y=26.67, region=""HKUST_North"") to obtain the user's CQI
2. Slice Type: Classify the service as eMBB (high bandwidth) or URLLC (low latency)
3. Bandwidth: Calculate using Proportional Fairness - B = SliceCapacity / (ExistingUsers + 1)
4. Throughput: Calculate using Shannon Formula - T = 10 * B * log10(1 + 10^(CQI/10))

=== CONSTRAINTS ===
- eMBB: Bandwidth range [6-20] MHz
- URLLC: Bandwidth range [1-5] MHz

=== OUTPUT FORMAT ===
CQI: [value from ray_tracing tool]
Slice Type: [eMBB or URLLC]
Bandwidth: [value] MHz
Throughput: [value] Mbps","CQI: 12
Slice Type: eMBB
Bandwidth: 15 MHz
Throughput: 150 Mbps","{'slice_type': 'eMBB', 'cqi': 15, 'bandwidth': 15.0, 'throughput': 227.03}",0.705,0.0019563000000000002
"You are a 5G network slicing expert. Your task is to allocate network resources for a new user joining the network.

=== NETWORK STATE ===
- eMBB Slice: 2 active users (Total capacity: 90 MHz)
- URLLC Slice: 7 active users (Total capacity: 30 MHz)

=== NEW USER INFORMATION ===
- User Position: (-236.06, -40.81) meters (local coordinates)
- Region: HKUST_Center
- Service Request: ""I want to stream a live sports event""

=== IMPORTANT ===
The user's Channel Quality Indicator (CQI) is NOT directly provided.
You MUST call the ray_tracing tool with the user's position and region to obtain the CQI value before performing bandwidth and throughput calculations.

=== YOUR TASK ===
1. Call ray_tracing(user_x=-236.06, user_y=-40.81, region=""HKUST_Center"") to obtain the user's CQI
2. Slice Type: Classify the service as eMBB (high bandwidth) or URLLC (low latency)
3. Bandwidth: Calculate using Proportional Fairness - B = SliceCapacity / (ExistingUsers + 1)
4. Throughput: Calculate using Shannon Formula - T = 10 * B * log10(1 + 10^(CQI/10))

=== CONSTRAINTS ===
- eMBB: Bandwidth range [6-20] MHz
- URLLC: Bandwidth range [1-5] MHz

=== OUTPUT FORMAT ===
CQI: [value from ray_tracing tool]
Slice Type: [eMBB or URLLC]
Bandwidth: [value] MHz
Throughput: [value] Mbps","CQI: 12
Slice Type: eMBB
Bandwidth: 30 MHz
Throughput: 120 Mbps","{'slice_type': 'eMBB', 'cqi': 15, 'bandwidth': 20.0, 'throughput': 302.7}",0.35000000000000003,0.000116
"You are a 5G network slicing expert. Your task is to allocate network resources for a new user joining the network.

=== NETWORK STATE ===
- eMBB Slice: 4 active users (Total capacity: 90 MHz)
- URLLC Slice: 9 active users (Total capacity: 30 MHz)

=== NEW USER INFORMATION ===
- User Position: (98.67, -70.73) meters (local coordinates)
- Region: HKUST_South
- Service Request: ""I need cloud-based AI image processing""

=== IMPORTANT ===
The user's Channel Quality Indicator (CQI) is NOT directly provided.
You MUST call the ray_tracing tool with the user's position and region to obtain the CQI value before performing bandwidth and throughput calculations.

=== YOUR TASK ===
1. Call ray_tracing(user_x=98.67, user_y=-70.73, region=""HKUST_South"") to obtain the user's CQI
2. Slice Type: Classify the service as eMBB (high bandwidth) or URLLC (low latency)
3. Bandwidth: Calculate using Proportional Fairness - B = SliceCapacity / (ExistingUsers + 1)
4. Throughput: Calculate using Shannon Formula - T = 10 * B * log10(1 + 10^(CQI/10))

=== CONSTRAINTS ===
- eMBB: Bandwidth range [6-20] MHz
- URLLC: Bandwidth range [1-5] MHz

=== OUTPUT FORMAT ===
CQI: [value from ray_tracing tool]
Slice Type: [eMBB or URLLC]
Bandwidth: [value] MHz
Throughput: [value] Mbps","CQI: 22
Slice Type: eMBB
Bandwidth: 15 MHz
Throughput: 150 Mbps","{'slice_type': 'eMBB', 'cqi': 15, 'bandwidth': 18.0, 'throughput': 272.43}",0.57,0.0017995500000000002
"You are a 5G network slicing expert. Your task is to allocate network resources for a new user joining the network.

=== NETWORK STATE ===
- eMBB Slice: 8 active users (Total capacity: 90 MHz)
- URLLC Slice: 7 active users (Total capacity: 30 MHz)

=== NEW USER INFORMATION ===
- User Position: (-34.72, -107.15) meters (local coordinates)
- Region: HKUST_South
- Service Request: ""I need cloud-based AI image processing""

=== IMPORTANT ===
The user's Channel Quality Indicator (CQI) is NOT directly provided.
You MUST call the ray_tracing tool with the user's position and region to obtain the CQI value before performing bandwidth and throughput calculations.

=== YOUR TASK ===
1. Call ray_tracing(user_x=-34.72, user_y=-107.15, region=""HKUST_South"") to obtain the user's CQI
2. Slice Type: Classify the service as eMBB (high bandwidth) or URLLC (low latency)
3. Bandwidth: Calculate using Proportional Fairness - B = SliceCapacity / (ExistingUsers + 1)
4. Throughput: Calculate using Shannon Formula - T = 10 * B * log10(1 + 10^(CQI/10))

=== CONSTRAINTS ===
- eMBB: Bandwidth range [6-20] MHz
- URLLC: Bandwidth range [1-5] MHz

=== OUTPUT FORMAT ===
CQI: [value from ray_tracing tool]
Slice Type: [eMBB or URLLC]
Bandwidth: [value] MHz
Throughput: [value] Mbps","CQI: 12
Slice Type: eMBB
Bandwidth: 10 MHz
Throughput: 40 Mbps","{'slice_type': 'eMBB', 'cqi': 15, 'bandwidth': 10.0, 'throughput': 151.35}",0.63,0.00041785000000000005
"You are a 5G network slicing expert. Your task is to allocate network resources for a new user joining the network.

=== NETWORK STATE ===
- eMBB Slice: 12 active users (Total capacity: 90 MHz)
- URLLC Slice: 3 active users (Total capacity: 30 MHz)

=== NEW USER INFORMATION ===
- User Position: (-237.59, 80.2) meters (local coordinates)
- Region: HKUST_Center
- Service Request: ""I need remote desktop access""

=== IMPORTANT ===
The user's Channel Quality Indicator (CQI) is NOT directly provided.
You MUST call the ray_tracing tool with the user's position and region to obtain the CQI value before performing bandwidth and throughput calculations.

=== YOUR TASK ===
1. Call ray_tracing(user_x=-237.59, user_y=80.2, region=""HKUST_Center"") to obtain the user's CQI
2. Slice Type: Classify the service as eMBB (high bandwidth) or URLLC (low latency)
3. Bandwidth: Calculate using Proportional Fairness - B = SliceCapacity / (ExistingUsers + 1)
4. Throughput: Calculate using Shannon Formula - T = 10 * B * log10(1 + 10^(CQI/10))

=== CONSTRAINTS ===
- eMBB: Bandwidth range [6-20] MHz
- URLLC: Bandwidth range [1-5] MHz

=== OUTPUT FORMAT ===
CQI: [value from ray_tracing tool]
Slice Type: [eMBB or URLLC]
Bandwidth: [value] MHz
Throughput: [value] Mbps","CQI: 22
Slice Type: eMBB
Bandwidth: 6.43 MHz
Throughput: 148.7 Mbps","{'slice_type': 'eMBB', 'cqi': 6, 'bandwidth': 6.92, 'throughput': 48.25}",0.5475,0.0010286000000000002
"You are a 5G network slicing expert. Your task is to allocate network resources for a new user joining the network.

=== NETWORK STATE ===
- eMBB Slice: 5 active users (Total capacity: 90 MHz)
- URLLC Slice: 5 active users (Total capacity: 30 MHz)

=== NEW USER INFORMATION ===
- User Position: (135.36, -103.32) meters (local coordinates)
- Region: HKUST_South
- Service Request: ""I want to play competitive online gaming""

=== IMPORTANT ===
The user's Channel Quality Indicator (CQI) is NOT directly provided.
You MUST call the ray_tracing tool with the user's position and region to obtain the CQI value before performing bandwidth and throughput calculations.

=== YOUR TASK ===
1. Call ray_tracing(user_x=135.36, user_y=-103.32, region=""HKUST_South"") to obtain the user's CQI
2. Slice Type: Classify the service as eMBB (high bandwidth) or URLLC (low latency)
3. Bandwidth: Calculate using Proportional Fairness - B = SliceCapacity / (ExistingUsers + 1)
4. Throughput: Calculate using Shannon Formula - T = 10 * B * log10(1 + 10^(CQI/10))

=== CONSTRAINTS ===
- eMBB: Bandwidth range [6-20] MHz
- URLLC: Bandwidth range [1-5] MHz

=== OUTPUT FORMAT ===
CQI: [value from ray_tracing tool]
Slice Type: [eMBB or URLLC]
Bandwidth: [value] MHz
Throughput: [value] Mbps","CQI: 12
Slice Type: URLLC
Bandwidth: 5 MHz
Throughput: 50.0 Mbps","{'slice_type': 'URLLC', 'cqi': 8, 'bandwidth': 5.0, 'throughput': 43.19}",0.8049999999999999,0.0035495500000000003
"You are a 5G network slicing expert. Your task is to allocate network resources for a new user joining the network.

=== NETWORK STATE ===
- eMBB Slice: 3 active users (Total capacity: 90 MHz)
- URLLC Slice: 9 active users (Total capacity: 30 MHz)

=== NEW USER INFORMATION ===
- User Position: (-36.65, 6.38) meters (local coordinates)
- Region: HKUST_South
- Service Request: ""I need real-time fraud detection""

=== IMPORTANT ===
The user's Channel Quality Indicator (CQI) is NOT directly provided.
You MUST call the ray_tracing tool with the user's position and region to obtain the CQI value before performing bandwidth and throughput calculations.

=== YOUR TASK ===
1. Call ray_tracing(user_x=-36.65, user_y=6.38, region=""HKUST_South"") to obtain the user's CQI
2. Slice Type: Classify the service as eMBB (high bandwidth) or URLLC (low latency)
3. Bandwidth: Calculate using Proportional Fairness - B = SliceCapacity / (ExistingUsers + 1)
4. Throughput: Calculate using Shannon Formula - T = 10 * B * log10(1 + 10^(CQI/10))

=== CONSTRAINTS ===
- eMBB: Bandwidth range [6-20] MHz
- URLLC: Bandwidth range [1-5] MHz

=== OUTPUT FORMAT ===
CQI: [value from ray_tracing tool]
Slice Type: [eMBB or URLLC]
Bandwidth: [value] MHz
Throughput: [value] Mbps","CQI: 22  
Slice Type: URLLC  
Bandwidth: 3 MHz  
Throughput: 30.0 Mbps","{'slice_type': 'URLLC', 'cqi': 15, 'bandwidth': 3.0, 'throughput': 45.41}",0.6749999999999999,0.00328065
"You are a 5G network slicing expert. Your task is to allocate network resources for a new user joining the network.

=== NETWORK STATE ===
- eMBB Slice: 10 active users (Total capacity: 90 MHz)
- URLLC Slice: 2 active users (Total capacity: 30 MHz)

=== NEW USER INFORMATION ===
- User Position: (-223.34, 79.93) meters (local coordinates)
- Region: HKUST_Center
- Service Request: ""I need power grid fault detection""

=== IMPORTANT ===
The user's Channel Quality Indicator (CQI) is NOT directly provided.
You MUST call the ray_tracing tool with the user's position and region to obtain the CQI value before performing bandwidth and throughput calculations.

=== YOUR TASK ===
1. Call ray_tracing(user_x=-223.34, user_y=79.93, region=""HKUST_Center"") to obtain the user's CQI
2. Slice Type: Classify the service as eMBB (high bandwidth) or URLLC (low latency)
3. Bandwidth: Calculate using Proportional Fairness - B = SliceCapacity / (ExistingUsers + 1)
4. Throughput: Calculate using Shannon Formula - T = 10 * B * log10(1 + 10^(CQI/10))

=== CONSTRAINTS ===
- eMBB: Bandwidth range [6-20] MHz
- URLLC: Bandwidth range [1-5] MHz

=== OUTPUT FORMAT ===
CQI: [value from ray_tracing tool]
Slice Type: [eMBB or URLLC]
Bandwidth: [value] MHz
Throughput: [value] Mbps","CQI: 12
Slice Type: URLLC
Bandwidth: 5 MHz
Throughput: 50.0 Mbps","{'slice_type': 'URLLC', 'cqi': 6, 'bandwidth': 5.0, 'throughput': 34.87}",0.6749999999999999,0.0021072500000000006
"You are a 5G network slicing expert. Your task is to allocate network resources for a new user joining the network.

=== NETWORK STATE ===
- eMBB Slice: 5 active users (Total capacity: 90 MHz)
- URLLC Slice: 8 active users (Total capacity: 30 MHz)

=== NEW USER INFORMATION ===
- User Position: (-40.71, 15.99) meters (local coordinates)
- Region: HKUST_North
- Service Request: ""I want to play competitive online gaming""

=== IMPORTANT ===
The user's Channel Quality Indicator (CQI) is NOT directly provided.
You MUST call the ray_tracing tool with the user's position and region to obtain the CQI value before performing bandwidth and throughput calculations.

=== YOUR TASK ===
1. Call ray_tracing(user_x=-40.71, user_y=15.99, region=""HKUST_North"") to obtain the user's CQI
2. Slice Type: Classify the service as eMBB (high bandwidth) or URLLC (low latency)
3. Bandwidth: Calculate using Proportional Fairness - B = SliceCapacity / (ExistingUsers + 1)
4. Throughput: Calculate using Shannon Formula - T = 10 * B * log10(1 + 10^(CQI/10))

=== CONSTRAINTS ===
- eMBB: Bandwidth range [6-20] MHz
- URLLC: Bandwidth range [1-5] MHz

=== OUTPUT FORMAT ===
CQI: [value from ray_tracing tool]
Slice Type: [eMBB or URLLC]
Bandwidth: [value] MHz
Throughput: [value] Mbps","CQI: 22
Slice Type: URLLC
Bandwidth: 3.33 MHz
Throughput: 109.68 Mbps","{'slice_type': 'URLLC', 'cqi': 15, 'bandwidth': 3.33, 'throughput': 50.4}",0.6,0.0034748
"You are a 5G network slicing expert. Your task is to allocate network resources for a new user joining the network.

=== NETWORK STATE ===
- eMBB Slice: 9 active users (Total capacity: 90 MHz)
- URLLC Slice: 6 active users (Total capacity: 30 MHz)

=== NEW USER INFORMATION ===
- User Position: (-87.19, -16.04) meters (local coordinates)
- Region: HKUST_South
- Service Request: ""I need remote desktop access""

=== IMPORTANT ===
The user's Channel Quality Indicator (CQI) is NOT directly provided.
You MUST call the ray_tracing tool with the user's position and region to obtain the CQI value before performing bandwidth and throughput calculations.

=== YOUR TASK ===
1. Call ray_tracing(user_x=-87.19, user_y=-16.04, region=""HKUST_South"") to obtain the user's CQI
2. Slice Type: Classify the service as eMBB (high bandwidth) or URLLC (low latency)
3. Bandwidth: Calculate using Proportional Fairness - B = SliceCapacity / (ExistingUsers + 1)
4. Throughput: Calculate using Shannon Formula - T = 10 * B * log10(1 + 10^(CQI/10))

=== CONSTRAINTS ===
- eMBB: Bandwidth range [6-20] MHz
- URLLC: Bandwidth range [1-5] MHz

=== OUTPUT FORMAT ===
CQI: [value from ray_tracing tool]
Slice Type: [eMBB or URLLC]
Bandwidth: [value] MHz
Throughput: [value] Mbps","CQI: 12
Slice Type: eMBB
Bandwidth: 10 MHz
Throughput: 40.0 Mbps","{'slice_type': 'eMBB', 'cqi': 15, 'bandwidth': 9.0, 'throughput': 136.22}",0.525,0.0027114500000000007
"You are a 5G network slicing expert. Your task is to allocate network resources for a new user joining the network.

=== NETWORK STATE ===
- eMBB Slice: 5 active users (Total capacity: 90 MHz)
- URLLC Slice: 6 active users (Total capacity: 30 MHz)

=== NEW USER INFORMATION ===
- User Position: (-39.51, 45.76) meters (local coordinates)
- Region: HKUST_Center
- Service Request: ""I want to watch 4K video streaming""

=== IMPORTANT ===
The user's Channel Quality Indicator (CQI) is NOT directly provided.
You MUST call the ray_tracing tool with the user's position and region to obtain the CQI value before performing bandwidth and throughput calculations.

=== YOUR TASK ===
1. Call ray_tracing(user_x=-39.51, user_y=45.76, region=""HKUST_Center"") to obtain the user's CQI
2. Slice Type: Classify the service as eMBB (high bandwidth) or URLLC (low latency)
3. Bandwidth: Calculate using Proportional Fairness - B = SliceCapacity / (ExistingUsers + 1)
4. Throughput: Calculate using Shannon Formula - T = 10 * B * log10(1 + 10^(CQI/10))

=== CONSTRAINTS ===
- eMBB: Bandwidth range [6-20] MHz
- URLLC: Bandwidth range [1-5] MHz

=== OUTPUT FORMAT ===
CQI: [value from ray_tracing tool]
Slice Type: [eMBB or URLLC]
Bandwidth: [value] MHz
Throughput: [value] Mbps","CQI: 12
Slice Type: eMBB
Bandwidth: 15 MHz
Throughput: 150 Mbps","{'slice_type': 'eMBB', 'cqi': 15, 'bandwidth': 15.0, 'throughput': 227.03}",0.705,0.0033186
"You are a 5G network slicing expert. Your task is to allocate network resources for a new user joining the network.

=== NETWORK STATE ===
- eMBB Slice: 7 active users (Total capacity: 90 MHz)
- URLLC Slice: 2 active users (Total capacity: 30 MHz)

=== NEW USER INFORMATION ===
- User Position: (-15.43, -42.14) meters (local coordinates)
- Region: HKUST_Center
- Service Request: ""I need cloud-based AI image processing""

=== IMPORTANT ===
The user's Channel Quality Indicator (CQI) is NOT directly provided.
You MUST call the ray_tracing tool with the user's position and region to obtain the CQI value before performing bandwidth and throughput calculations.

=== YOUR TASK ===
1. Call ray_tracing(user_x=-15.43, user_y=-42.14, region=""HKUST_Center"") to obtain the user's CQI
2. Slice Type: Classify the service as eMBB (high bandwidth) or URLLC (low latency)
3. Bandwidth: Calculate using Proportional Fairness - B = SliceCapacity / (ExistingUsers + 1)
4. Throughput: Calculate using Shannon Formula - T = 10 * B * log10(1 + 10^(CQI/10))

=== CONSTRAINTS ===
- eMBB: Bandwidth range [6-20] MHz
- URLLC: Bandwidth range [1-5] MHz

=== OUTPUT FORMAT ===
CQI: [value from ray_tracing tool]
Slice Type: [eMBB or URLLC]
Bandwidth: [value] MHz
Throughput: [value] Mbps","CQI: 22  
Slice Type: eMBB  
Bandwidth: 10 MHz  
Throughput: 120.4 Mbps","{'slice_type': 'eMBB', 'cqi': 15, 'bandwidth': 11.25, 'throughput': 170.27}",0.62,0.0027912500000000008
"You are a 5G network slicing expert. Your task is to allocate network resources for a new user joining the network.

=== NETWORK STATE ===
- eMBB Slice: 2 active users (Total capacity: 90 MHz)
- URLLC Slice: 10 active users (Total capacity: 30 MHz)

=== NEW USER INFORMATION ===
- User Position: (44.43, 54.94) meters (local coordinates)
- Region: HKUST_Center
- Service Request: ""I want to use augmented reality navigation""

=== IMPORTANT ===
The user's Channel Quality Indicator (CQI) is NOT directly provided.
You MUST call the ray_tracing tool with the user's position and region to obtain the CQI value before performing bandwidth and throughput calculations.

=== YOUR TASK ===
1. Call ray_tracing(user_x=44.43, user_y=54.94, region=""HKUST_Center"") to obtain the user's CQI
2. Slice Type: Classify the service as eMBB (high bandwidth) or URLLC (low latency)
3. Bandwidth: Calculate using Proportional Fairness - B = SliceCapacity / (ExistingUsers + 1)
4. Throughput: Calculate using Shannon Formula - T = 10 * B * log10(1 + 10^(CQI/10))

=== CONSTRAINTS ===
- eMBB: Bandwidth range [6-20] MHz
- URLLC: Bandwidth range [1-5] MHz

=== OUTPUT FORMAT ===
CQI: [value from ray_tracing tool]
Slice Type: [eMBB or URLLC]
Bandwidth: [value] MHz
Throughput: [value] Mbps","CQI: 12
Slice Type: eMBB
Bandwidth: 30 MHz
Throughput: 120 Mbps","{'slice_type': 'eMBB', 'cqi': 15, 'bandwidth': 20.0, 'throughput': 302.7}",0.35000000000000003,0.00366275
"You are a 5G network slicing expert. Your task is to allocate network resources for a new user joining the network.

=== NETWORK STATE ===
- eMBB Slice: 5 active users (Total capacity: 90 MHz)
- URLLC Slice: 8 active users (Total capacity: 30 MHz)

=== NEW USER INFORMATION ===
- User Position: (30.65, 35.7) meters (local coordinates)
- Region: HKUST_North
- Service Request: ""I want to browse websites and check email""

=== IMPORTANT ===
The user's Channel Quality Indicator (CQI) is NOT directly provided.
You MUST call the ray_tracing tool with the user's position and region to obtain the CQI value before performing bandwidth and throughput calculations.

=== YOUR TASK ===
1. Call ray_tracing(user_x=30.65, user_y=35.7, region=""HKUST_North"") to obtain the user's CQI
2. Slice Type: Classify the service as eMBB (high bandwidth) or URLLC (low latency)
3. Bandwidth: Calculate using Proportional Fairness - B = SliceCapacity / (ExistingUsers + 1)
4. Throughput: Calculate using Shannon Formula - T = 10 * B * log10(1 + 10^(CQI/10))

=== CONSTRAINTS ===
- eMBB: Bandwidth range [6-20] MHz
- URLLC: Bandwidth range [1-5] MHz

=== OUTPUT FORMAT ===
CQI: [value from ray_tracing tool]
Slice Type: [eMBB or URLLC]
Bandwidth: [value] MHz
Throughput: [value] Mbps","CQI: 12  
Slice Type: eMBB  
Bandwidth: 15 MHz  
Throughput: 60 Mbps","{'slice_type': 'eMBB', 'cqi': 15, 'bandwidth': 15.0, 'throughput': 227.03}",0.63,0.0031677000000000003
"You are a 5G network slicing expert. Your task is to allocate network resources for a new user joining the network.

=== NETWORK STATE ===
- eMBB Slice: 11 active users (Total capacity: 90 MHz)
- URLLC Slice: 3 active users (Total capacity: 30 MHz)

=== NEW USER INFORMATION ===
- User Position: (-174.99, 68.03) meters (local coordinates)
- Region: HKUST_Center
- Service Request: ""I need holographic communication""

=== IMPORTANT ===
The user's Channel Quality Indicator (CQI) is NOT directly provided.
You MUST call the ray_tracing tool with the user's position and region to obtain the CQI value before performing bandwidth and throughput calculations.

=== YOUR TASK ===
1. Call ray_tracing(user_x=-174.99, user_y=68.03, region=""HKUST_Center"") to obtain the user's CQI
2. Slice Type: Classify the service as eMBB (high bandwidth) or URLLC (low latency)
3. Bandwidth: Calculate using Proportional Fairness - B = SliceCapacity / (ExistingUsers + 1)
4. Throughput: Calculate using Shannon Formula - T = 10 * B * log10(1 + 10^(CQI/10))

=== CONSTRAINTS ===
- eMBB: Bandwidth range [6-20] MHz
- URLLC: Bandwidth range [1-5] MHz

=== OUTPUT FORMAT ===
CQI: [value from ray_tracing tool]
Slice Type: [eMBB or URLLC]
Bandwidth: [value] MHz
Throughput: [value] Mbps","CQI: 22
Slice Type: eMBB
Bandwidth: 8.18 MHz
Throughput: 134.56 Mbps","{'slice_type': 'eMBB', 'cqi': 8, 'bandwidth': 7.5, 'throughput': 64.79}",0.5475,0.00339615
"You are a 5G network slicing expert. Your task is to allocate network resources for a new user joining the network.

=== NETWORK STATE ===
- eMBB Slice: 5 active users (Total capacity: 90 MHz)
- URLLC Slice: 7 active users (Total capacity: 30 MHz)

=== NEW USER INFORMATION ===
- User Position: (-84.84, 138.27) meters (local coordinates)
- Region: HKUST_Center
- Service Request: ""I want to use virtual reality gaming""

=== IMPORTANT ===
The user's Channel Quality Indicator (CQI) is NOT directly provided.
You MUST call the ray_tracing tool with the user's position and region to obtain the CQI value before performing bandwidth and throughput calculations.

=== YOUR TASK ===
1. Call ray_tracing(user_x=-84.84, user_y=138.27, region=""HKUST_Center"") to obtain the user's CQI
2. Slice Type: Classify the service as eMBB (high bandwidth) or URLLC (low latency)
3. Bandwidth: Calculate using Proportional Fairness - B = SliceCapacity / (ExistingUsers + 1)
4. Throughput: Calculate using Shannon Formula - T = 10 * B * log10(1 + 10^(CQI/10))

=== CONSTRAINTS ===
- eMBB: Bandwidth range [6-20] MHz
- URLLC: Bandwidth range [1-5] MHz

=== OUTPUT FORMAT ===
CQI: [value from ray_tracing tool]
Slice Type: [eMBB or URLLC]
Bandwidth: [value] MHz
Throughput: [value] Mbps","CQI: 22
Slice Type: eMBB
Bandwidth: 15 MHz
Throughput: 150 Mbps","{'slice_type': 'eMBB', 'cqi': 15, 'bandwidth': 15.0, 'throughput': 227.03}",0.6749999999999999,0.0039284
"You are a 5G network slicing expert. Your task is to allocate network resources for a new user joining the network.

=== NETWORK STATE ===
- eMBB Slice: 7 active users (Total capacity: 90 MHz)
- URLLC Slice: 3 active users (Total capacity: 30 MHz)

=== NEW USER INFORMATION ===
- User Position: (43.4, -3.31) meters (local coordinates)
- Region: HKUST_North
- Service Request: ""I need holographic communication""

=== IMPORTANT ===
The user's Channel Quality Indicator (CQI) is NOT directly provided.
You MUST call the ray_tracing tool with the user's position and region to obtain the CQI value before performing bandwidth and throughput calculations.

=== YOUR TASK ===
1. Call ray_tracing(user_x=43.4, user_y=-3.31, region=""HKUST_North"") to obtain the user's CQI
2. Slice Type: Classify the service as eMBB (high bandwidth) or URLLC (low latency)
3. Bandwidth: Calculate using Proportional Fairness - B = SliceCapacity / (ExistingUsers + 1)
4. Throughput: Calculate using Shannon Formula - T = 10 * B * log10(1 + 10^(CQI/10))

=== CONSTRAINTS ===
- eMBB: Bandwidth range [6-20] MHz
- URLLC: Bandwidth range [1-5] MHz

=== OUTPUT FORMAT ===
CQI: [value from ray_tracing tool]
Slice Type: [eMBB or URLLC]
Bandwidth: [value] MHz
Throughput: [value] Mbps","CQI: 12
Slice Type: eMBB
Bandwidth: 10 MHz
Throughput: 40.0 Mbps","{'slice_type': 'eMBB', 'cqi': 15, 'bandwidth': 11.25, 'throughput': 170.27}",0.525,0.004995749999999999
"You are a 5G network slicing expert. Your task is to allocate network resources for a new user joining the network.

=== NETWORK STATE ===
- eMBB Slice: 5 active users (Total capacity: 90 MHz)
- URLLC Slice: 10 active users (Total capacity: 30 MHz)

=== NEW USER INFORMATION ===
- User Position: (69.44, -39.6) meters (local coordinates)
- Region: HKUST_Center
- Service Request: ""I want to browse websites and check email""

=== IMPORTANT ===
The user's Channel Quality Indicator (CQI) is NOT directly provided.
You MUST call the ray_tracing tool with the user's position and region to obtain the CQI value before performing bandwidth and throughput calculations.

=== YOUR TASK ===
1. Call ray_tracing(user_x=69.44, user_y=-39.6, region=""HKUST_Center"") to obtain the user's CQI
2. Slice Type: Classify the service as eMBB (high bandwidth) or URLLC (low latency)
3. Bandwidth: Calculate using Proportional Fairness - B = SliceCapacity / (ExistingUsers + 1)
4. Throughput: Calculate using Shannon Formula - T = 10 * B * log10(1 + 10^(CQI/10))

=== CONSTRAINTS ===
- eMBB: Bandwidth range [6-20] MHz
- URLLC: Bandwidth range [1-5] MHz

=== OUTPUT FORMAT ===
CQI: [value from ray_tracing tool]
Slice Type: [eMBB or URLLC]
Bandwidth: [value] MHz
Throughput: [value] Mbps","CQI: 12
Slice Type: eMBB
Bandwidth: 15 MHz
Throughput: 138.0 Mbps","{'slice_type': 'eMBB', 'cqi': 15, 'bandwidth': 15.0, 'throughput': 227.03}",0.705,0.004727299999999999
"You are a 5G network slicing expert. Your task is to allocate network resources for a new user joining the network.

=== NETWORK STATE ===
- eMBB Slice: 7 active users (Total capacity: 90 MHz)
- URLLC Slice: 6 active users (Total capacity: 30 MHz)

=== NEW USER INFORMATION ===
- User Position: (157.73, 135.73) meters (local coordinates)
- Region: HKUST_South
- Service Request: ""I need video analytics services""

=== IMPORTANT ===
The user's Channel Quality Indicator (CQI) is NOT directly provided.
You MUST call the ray_tracing tool with the user's position and region to obtain the CQI value before performing bandwidth and throughput calculations.

=== YOUR TASK ===
1. Call ray_tracing(user_x=157.73, user_y=135.73, region=""HKUST_South"") to obtain the user's CQI
2. Slice Type: Classify the service as eMBB (high bandwidth) or URLLC (low latency)
3. Bandwidth: Calculate using Proportional Fairness - B = SliceCapacity / (ExistingUsers + 1)
4. Throughput: Calculate using Shannon Formula - T = 10 * B * log10(1 + 10^(CQI/10))

=== CONSTRAINTS ===
- eMBB: Bandwidth range [6-20] MHz
- URLLC: Bandwidth range [1-5] MHz

=== OUTPUT FORMAT ===
CQI: [value from ray_tracing tool]
Slice Type: [eMBB or URLLC]
Bandwidth: [value] MHz
Throughput: [value] Mbps","CQI: 22  
Slice Type: eMBB  
Bandwidth: 10 MHz  
Throughput: 46.0 Mbps","{'slice_type': 'eMBB', 'cqi': 7, 'bandwidth': 11.25, 'throughput': 87.64}",0.57,0.005034299999999999
"You are a 5G network slicing expert. Your task is to allocate network resources for a new user joining the network.

=== NETWORK STATE ===
- eMBB Slice: 12 active users (Total capacity: 90 MHz)
- URLLC Slice: 10 active users (Total capacity: 30 MHz)

=== NEW USER INFORMATION ===
- User Position: (-25.92, 71.57) meters (local coordinates)
- Region: HKUST_Center
- Service Request: ""I need video analytics services""

=== IMPORTANT ===
The user's Channel Quality Indicator (CQI) is NOT directly provided.
You MUST call the ray_tracing tool with the user's position and region to obtain the CQI value before performing bandwidth and throughput calculations.

=== YOUR TASK ===
1. Call ray_tracing(user_x=-25.92, user_y=71.57, region=""HKUST_Center"") to obtain the user's CQI
2. Slice Type: Classify the service as eMBB (high bandwidth) or URLLC (low latency)
3. Bandwidth: Calculate using Proportional Fairness - B = SliceCapacity / (ExistingUsers + 1)
4. Throughput: Calculate using Shannon Formula - T = 10 * B * log10(1 + 10^(CQI/10))

=== CONSTRAINTS ===
- eMBB: Bandwidth range [6-20] MHz
- URLLC: Bandwidth range [1-5] MHz

=== OUTPUT FORMAT ===
CQI: [value from ray_tracing tool]
Slice Type: [eMBB or URLLC]
Bandwidth: [value] MHz
Throughput: [value] Mbps","CQI: 12
Slice Type: eMBB
Bandwidth: 6.43 MHz
Throughput: 128.6 Mbps","{'slice_type': 'eMBB', 'cqi': 15, 'bandwidth': 6.92, 'throughput': 104.74}",0.7025,0.0053085499999999996
"You are a 5G network slicing expert. Your task is to allocate network resources for a new user joining the network.

=== NETWORK STATE ===
- eMBB Slice: 4 active users (Total capacity: 90 MHz)
- URLLC Slice: 6 active users (Total capacity: 30 MHz)

=== NEW USER INFORMATION ===
- User Position: (-157.66, 82.25) meters (local coordinates)
- Region: HKUST_Center
- Service Request: ""I need to participate in a video conference""

=== IMPORTANT ===
The user's Channel Quality Indicator (CQI) is NOT directly provided.
You MUST call the ray_tracing tool with the user's position and region to obtain the CQI value before performing bandwidth and throughput calculations.

=== YOUR TASK ===
1. Call ray_tracing(user_x=-157.66, user_y=82.25, region=""HKUST_Center"") to obtain the user's CQI
2. Slice Type: Classify the service as eMBB (high bandwidth) or URLLC (low latency)
3. Bandwidth: Calculate using Proportional Fairness - B = SliceCapacity / (ExistingUsers + 1)
4. Throughput: Calculate using Shannon Formula - T = 10 * B * log10(1 + 10^(CQI/10))

=== CONSTRAINTS ===
- eMBB: Bandwidth range [6-20] MHz
- URLLC: Bandwidth range [1-5] MHz

=== OUTPUT FORMAT ===
CQI: [value from ray_tracing tool]
Slice Type: [eMBB or URLLC]
Bandwidth: [value] MHz
Throughput: [value] Mbps","CQI: 12
Slice Type: eMBB
Bandwidth: 15 MHz
Throughput: 60.0 Mbps","{'slice_type': 'eMBB', 'cqi': 8, 'bandwidth': 18.0, 'throughput': 155.5}",0.525,0.00434615
"You are a 5G network slicing expert. Your task is to allocate network resources for a new user joining the network.

=== NETWORK STATE ===
- eMBB Slice: 11 active users (Total capacity: 90 MHz)
- URLLC Slice: 5 active users (Total capacity: 30 MHz)

=== NEW USER INFORMATION ===
- User Position: (-74.92, 1.5) meters (local coordinates)
- Region: HKUST_Center
- Service Request: ""I need remote surgery equipment control""

=== IMPORTANT ===
The user's Channel Quality Indicator (CQI) is NOT directly provided.
You MUST call the ray_tracing tool with the user's position and region to obtain the CQI value before performing bandwidth and throughput calculations.

=== YOUR TASK ===
1. Call ray_tracing(user_x=-74.92, user_y=1.5, region=""HKUST_Center"") to obtain the user's CQI
2. Slice Type: Classify the service as eMBB (high bandwidth) or URLLC (low latency)
3. Bandwidth: Calculate using Proportional Fairness - B = SliceCapacity / (ExistingUsers + 1)
4. Throughput: Calculate using Shannon Formula - T = 10 * B * log10(1 + 10^(CQI/10))

=== CONSTRAINTS ===
- eMBB: Bandwidth range [6-20] MHz
- URLLC: Bandwidth range [1-5] MHz

=== OUTPUT FORMAT ===
CQI: [value from ray_tracing tool]
Slice Type: [eMBB or URLLC]
Bandwidth: [value] MHz
Throughput: [value] Mbps","CQI: 12
Slice Type: URLLC
Bandwidth: 5 MHz
Throughput: 50.0 Mbps","{'slice_type': 'URLLC', 'cqi': 15, 'bandwidth': 5.0, 'throughput': 75.68}",0.705,0.00430755
"You are a 5G network slicing expert. Your task is to allocate network resources for a new user joining the network.

=== NETWORK STATE ===
- eMBB Slice: 9 active users (Total capacity: 90 MHz)
- URLLC Slice: 6 active users (Total capacity: 30 MHz)

=== NEW USER INFORMATION ===
- User Position: (-48.51, -0.22) meters (local coordinates)
- Region: HKUST_Center
- Service Request: ""I need real-time fraud detection""

=== IMPORTANT ===
The user's Channel Quality Indicator (CQI) is NOT directly provided.
You MUST call the ray_tracing tool with the user's position and region to obtain the CQI value before performing bandwidth and throughput calculations.

=== YOUR TASK ===
1. Call ray_tracing(user_x=-48.51, user_y=-0.22, region=""HKUST_Center"") to obtain the user's CQI
2. Slice Type: Classify the service as eMBB (high bandwidth) or URLLC (low latency)
3. Bandwidth: Calculate using Proportional Fairness - B = SliceCapacity / (ExistingUsers + 1)
4. Throughput: Calculate using Shannon Formula - T = 10 * B * log10(1 + 10^(CQI/10))

=== CONSTRAINTS ===
- eMBB: Bandwidth range [6-20] MHz
- URLLC: Bandwidth range [1-5] MHz

=== OUTPUT FORMAT ===
CQI: [value from ray_tracing tool]
Slice Type: [eMBB or URLLC]
Bandwidth: [value] MHz
Throughput: [value] Mbps","CQI: 12
Slice Type: URLLC
Bandwidth: 4 MHz
Throughput: 40.0 Mbps","{'slice_type': 'URLLC', 'cqi': 15, 'bandwidth': 4.29, 'throughput': 64.93}",0.6525,0.005228699999999999
"You are a 5G network slicing expert. Your task is to allocate network resources for a new user joining the network.

=== NETWORK STATE ===
- eMBB Slice: 6 active users (Total capacity: 90 MHz)
- URLLC Slice: 2 active users (Total capacity: 30 MHz)

=== NEW USER INFORMATION ===
- User Position: (-53.02, 9.54) meters (local coordinates)
- Region: HKUST_North
- Service Request: ""I want to download software updates""

=== IMPORTANT ===
The user's Channel Quality Indicator (CQI) is NOT directly provided.
You MUST call the ray_tracing tool with the user's position and region to obtain the CQI value before performing bandwidth and throughput calculations.

=== YOUR TASK ===
1. Call ray_tracing(user_x=-53.02, user_y=9.54, region=""HKUST_North"") to obtain the user's CQI
2. Slice Type: Classify the service as eMBB (high bandwidth) or URLLC (low latency)
3. Bandwidth: Calculate using Proportional Fairness - B = SliceCapacity / (ExistingUsers + 1)
4. Throughput: Calculate using Shannon Formula - T = 10 * B * log10(1 + 10^(CQI/10))

=== CONSTRAINTS ===
- eMBB: Bandwidth range [6-20] MHz
- URLLC: Bandwidth range [1-5] MHz

=== OUTPUT FORMAT ===
CQI: [value from ray_tracing tool]
Slice Type: [eMBB or URLLC]
Bandwidth: [value] MHz
Throughput: [value] Mbps","CQI: 12
Slice Type: eMBB
Bandwidth: 10 MHz
Throughput: 50.0 Mbps","{'slice_type': 'eMBB', 'cqi': 15, 'bandwidth': 12.86, 'throughput': 194.64}",0.455,0.0016841500000000001
"You are a 5G network slicing expert. Your task is to allocate network resources for a new user joining the network.

=== NETWORK STATE ===
- eMBB Slice: 9 active users (Total capacity: 90 MHz)
- URLLC Slice: 10 active users (Total capacity: 30 MHz)

=== NEW USER INFORMATION ===
- User Position: (37.65, -7.26) meters (local coordinates)
- Region: HKUST_North
- Service Request: ""I need precision CNC machine control""

=== IMPORTANT ===
The user's Channel Quality Indicator (CQI) is NOT directly provided.
You MUST call the ray_tracing tool with the user's position and region to obtain the CQI value before performing bandwidth and throughput calculations.

=== YOUR TASK ===
1. Call ray_tracing(user_x=37.65, user_y=-7.26, region=""HKUST_North"") to obtain the user's CQI
2. Slice Type: Classify the service as eMBB (high bandwidth) or URLLC (low latency)
3. Bandwidth: Calculate using Proportional Fairness - B = SliceCapacity / (ExistingUsers + 1)
4. Throughput: Calculate using Shannon Formula - T = 10 * B * log10(1 + 10^(CQI/10))

=== CONSTRAINTS ===
- eMBB: Bandwidth range [6-20] MHz
- URLLC: Bandwidth range [1-5] MHz

=== OUTPUT FORMAT ===
CQI: [value from ray_tracing tool]
Slice Type: [eMBB or URLLC]
Bandwidth: [value] MHz
Throughput: [value] Mbps","CQI: 22
Slice Type: URLLC
Bandwidth: 2.73 MHz
Throughput: 13.65 Mbps","{'slice_type': 'URLLC', 'cqi': 15, 'bandwidth': 2.73, 'throughput': 41.32}",0.6,0.0011087000000000002
"You are a 5G network slicing expert. Your task is to allocate network resources for a new user joining the network.

=== NETWORK STATE ===
- eMBB Slice: 4 active users (Total capacity: 90 MHz)
- URLLC Slice: 10 active users (Total capacity: 30 MHz)

=== NEW USER INFORMATION ===
- User Position: (-49.77, 63.76) meters (local coordinates)
- Region: HKUST_North
- Service Request: ""I want to stream music while browsing social media""

=== IMPORTANT ===
The user's Channel Quality Indicator (CQI) is NOT directly provided.
You MUST call the ray_tracing tool with the user's position and region to obtain the CQI value before performing bandwidth and throughput calculations.

=== YOUR TASK ===
1. Call ray_tracing(user_x=-49.77, user_y=63.76, region=""HKUST_North"") to obtain the user's CQI
2. Slice Type: Classify the service as eMBB (high bandwidth) or URLLC (low latency)
3. Bandwidth: Calculate using Proportional Fairness - B = SliceCapacity / (ExistingUsers + 1)
4. Throughput: Calculate using Shannon Formula - T = 10 * B * log10(1 + 10^(CQI/10))

=== CONSTRAINTS ===
- eMBB: Bandwidth range [6-20] MHz
- URLLC: Bandwidth range [1-5] MHz

=== OUTPUT FORMAT ===
CQI: [value from ray_tracing tool]
Slice Type: [eMBB or URLLC]
Bandwidth: [value] MHz
Throughput: [value] Mbps","CQI: 12
Slice Type: eMBB
Bandwidth: 15 MHz
Throughput: 60.0 Mbps","{'slice_type': 'eMBB', 'cqi': 15, 'bandwidth': 18.0, 'throughput': 272.43}",0.525,0.0009884000000000002
"You are a 5G network slicing expert. Your task is to allocate network resources for a new user joining the network.

=== NETWORK STATE ===
- eMBB Slice: 2 active users (Total capacity: 90 MHz)
- URLLC Slice: 6 active users (Total capacity: 30 MHz)

=== NEW USER INFORMATION ===
- User Position: (-75.15, 34.01) meters (local coordinates)
- Region: HKUST_Center
- Service Request: ""I want to browse websites and check email""

=== IMPORTANT ===
The user's Channel Quality Indicator (CQI) is NOT directly provided.
You MUST call the ray_tracing tool with the user's position and region to obtain the CQI value before performing bandwidth and throughput calculations.

=== YOUR TASK ===
1. Call ray_tracing(user_x=-75.15, user_y=34.01, region=""HKUST_Center"") to obtain the user's CQI
2. Slice Type: Classify the service as eMBB (high bandwidth) or URLLC (low latency)
3. Bandwidth: Calculate using Proportional Fairness - B = SliceCapacity / (ExistingUsers + 1)
4. Throughput: Calculate using Shannon Formula - T = 10 * B * log10(1 + 10^(CQI/10))

=== CONSTRAINTS ===
- eMBB: Bandwidth range [6-20] MHz
- URLLC: Bandwidth range [1-5] MHz

=== OUTPUT FORMAT ===
CQI: [value from ray_tracing tool]
Slice Type: [eMBB or URLLC]
Bandwidth: [value] MHz
Throughput: [value] Mbps","CQI: 12
Slice Type: eMBB
Bandwidth: 30.0 MHz
Throughput: 120.0 Mbps","{'slice_type': 'eMBB', 'cqi': 15, 'bandwidth': 20.0, 'throughput': 302.7}",0.35000000000000003,0.0012249000000000001
"You are a 5G network slicing expert. Your task is to allocate network resources for a new user joining the network.

=== NETWORK STATE ===
- eMBB Slice: 5 active users (Total capacity: 90 MHz)
- URLLC Slice: 3 active users (Total capacity: 30 MHz)

=== NEW USER INFORMATION ===
- User Position: (81.22, -12.65) meters (local coordinates)
- Region: HKUST_North
- Service Request: ""I want to monitor home security cameras""

=== IMPORTANT ===
The user's Channel Quality Indicator (CQI) is NOT directly provided.
You MUST call the ray_tracing tool with the user's position and region to obtain the CQI value before performing bandwidth and throughput calculations.

=== YOUR TASK ===
1. Call ray_tracing(user_x=81.22, user_y=-12.65, region=""HKUST_North"") to obtain the user's CQI
2. Slice Type: Classify the service as eMBB (high bandwidth) or URLLC (low latency)
3. Bandwidth: Calculate using Proportional Fairness - B = SliceCapacity / (ExistingUsers + 1)
4. Throughput: Calculate using Shannon Formula - T = 10 * B * log10(1 + 10^(CQI/10))

=== CONSTRAINTS ===
- eMBB: Bandwidth range [6-20] MHz
- URLLC: Bandwidth range [1-5] MHz

=== OUTPUT FORMAT ===
CQI: [value from ray_tracing tool]
Slice Type: [eMBB or URLLC]
Bandwidth: [value] MHz
Throughput: [value] Mbps","CQI: 22
Slice Type: eMBB
Bandwidth: 15 MHz
Throughput: 150 Mbps","{'slice_type': 'eMBB', 'cqi': 14, 'bandwidth': 15.0, 'throughput': 212.54}",0.725,0.0005313000000000001
"You are a 5G network slicing expert. Your task is to allocate network resources for a new user joining the network.

=== NETWORK STATE ===
- eMBB Slice: 5 active users (Total capacity: 90 MHz)
- URLLC Slice: 4 active users (Total capacity: 30 MHz)

=== NEW USER INFORMATION ===
- User Position: (183.65, 95.44) meters (local coordinates)
- Region: HKUST_South
- Service Request: ""I need high-frequency trading connectivity""

=== IMPORTANT ===
The user's Channel Quality Indicator (CQI) is NOT directly provided.
You MUST call the ray_tracing tool with the user's position and region to obtain the CQI value before performing bandwidth and throughput calculations.

=== YOUR TASK ===
1. Call ray_tracing(user_x=183.65, user_y=95.44, region=""HKUST_South"") to obtain the user's CQI
2. Slice Type: Classify the service as eMBB (high bandwidth) or URLLC (low latency)
3. Bandwidth: Calculate using Proportional Fairness - B = SliceCapacity / (ExistingUsers + 1)
4. Throughput: Calculate using Shannon Formula - T = 10 * B * log10(1 + 10^(CQI/10))

=== CONSTRAINTS ===
- eMBB: Bandwidth range [6-20] MHz
- URLLC: Bandwidth range [1-5] MHz

=== OUTPUT FORMAT ===
CQI: [value from ray_tracing tool]
Slice Type: [eMBB or URLLC]
Bandwidth: [value] MHz
Throughput: [value] Mbps","CQI: 12
Slice Type: eMBB
Bandwidth: 15 MHz
Throughput: 150 Mbps","{'slice_type': 'URLLC', 'cqi': 7, 'bandwidth': 5.0, 'throughput': 38.95}",0.06999999999999999,0.0017220500000000001
"You are a 5G network slicing expert. Your task is to allocate network resources for a new user joining the network.

=== NETWORK STATE ===
- eMBB Slice: 7 active users (Total capacity: 90 MHz)
- URLLC Slice: 8 active users (Total capacity: 30 MHz)

=== NEW USER INFORMATION ===
- User Position: (78.31, -31.92) meters (local coordinates)
- Region: HKUST_North
- Service Request: ""I need real-time fraud detection""

=== IMPORTANT ===
The user's Channel Quality Indicator (CQI) is NOT directly provided.
You MUST call the ray_tracing tool with the user's position and region to obtain the CQI value before performing bandwidth and throughput calculations.

=== YOUR TASK ===
1. Call ray_tracing(user_x=78.31, user_y=-31.92, region=""HKUST_North"") to obtain the user's CQI
2. Slice Type: Classify the service as eMBB (high bandwidth) or URLLC (low latency)
3. Bandwidth: Calculate using Proportional Fairness - B = SliceCapacity / (ExistingUsers + 1)
4. Throughput: Calculate using Shannon Formula - T = 10 * B * log10(1 + 10^(CQI/10))

=== CONSTRAINTS ===
- eMBB: Bandwidth range [6-20] MHz
- URLLC: Bandwidth range [1-5] MHz

=== OUTPUT FORMAT ===
CQI: [value from ray_tracing tool]
Slice Type: [eMBB or URLLC]
Bandwidth: [value] MHz
Throughput: [value] Mbps","CQI: 12  
Slice Type: URLLC  
Bandwidth: 3 MHz  
Throughput: 30 Mbps","{'slice_type': 'URLLC', 'cqi': 15, 'bandwidth': 3.33, 'throughput': 50.4}",0.6525,0.00045445000000000007
"You are a 5G network slicing expert. Your task is to allocate network resources for a new user joining the network.

=== NETWORK STATE ===
- eMBB Slice: 2 active users (Total capacity: 90 MHz)
- URLLC Slice: 9 active users (Total capacity: 30 MHz)

=== NEW USER INFORMATION ===
- User Position: (1.4, -32.41) meters (local coordinates)
- Region: HKUST_Center
- Service Request: ""I need video analytics services""

=== IMPORTANT ===
The user's Channel Quality Indicator (CQI) is NOT directly provided.
You MUST call the ray_tracing tool with the user's position and region to obtain the CQI value before performing bandwidth and throughput calculations.

=== YOUR TASK ===
1. Call ray_tracing(user_x=1.4, user_y=-32.41, region=""HKUST_Center"") to obtain the user's CQI
2. Slice Type: Classify the service as eMBB (high bandwidth) or URLLC (low latency)
3. Bandwidth: Calculate using Proportional Fairness - B = SliceCapacity / (ExistingUsers + 1)
4. Throughput: Calculate using Shannon Formula - T = 10 * B * log10(1 + 10^(CQI/10))

=== CONSTRAINTS ===
- eMBB: Bandwidth range [6-20] MHz
- URLLC: Bandwidth range [1-5] MHz

=== OUTPUT FORMAT ===
CQI: [value from ray_tracing tool]
Slice Type: [eMBB or URLLC]
Bandwidth: [value] MHz
Throughput: [value] Mbps","CQI: 12
Slice Type: eMBB
Bandwidth: 30.0 MHz
Throughput: 150.0 Mbps","{'slice_type': 'eMBB', 'cqi': 15, 'bandwidth': 20.0, 'throughput': 302.7}",0.35000000000000003,0.0010685500000000001
"You are a 5G network slicing expert. Your task is to allocate network resources for a new user joining the network.

=== NETWORK STATE ===
- eMBB Slice: 5 active users (Total capacity: 90 MHz)
- URLLC Slice: 5 active users (Total capacity: 30 MHz)

=== NEW USER INFORMATION ===
- User Position: (9.67, 117.5) meters (local coordinates)
- Region: HKUST_South
- Service Request: ""I want to stream a live sports event""

=== IMPORTANT ===
The user's Channel Quality Indicator (CQI) is NOT directly provided.
You MUST call the ray_tracing tool with the user's position and region to obtain the CQI value before performing bandwidth and throughput calculations.

=== YOUR TASK ===
1. Call ray_tracing(user_x=9.67, user_y=117.5, region=""HKUST_South"") to obtain the user's CQI
2. Slice Type: Classify the service as eMBB (high bandwidth) or URLLC (low latency)
3. Bandwidth: Calculate using Proportional Fairness - B = SliceCapacity / (ExistingUsers + 1)
4. Throughput: Calculate using Shannon Formula - T = 10 * B * log10(1 + 10^(CQI/10))

=== CONSTRAINTS ===
- eMBB: Bandwidth range [6-20] MHz
- URLLC: Bandwidth range [1-5] MHz

=== OUTPUT FORMAT ===
CQI: [value from ray_tracing tool]
Slice Type: [eMBB or URLLC]
Bandwidth: [value] MHz
Throughput: [value] Mbps","CQI: 18  
Slice Type: eMBB  
Bandwidth: 15 MHz  
Throughput: 225.0 Mbps","{'slice_type': 'eMBB', 'cqi': 15, 'bandwidth': 15.0, 'throughput': 227.03}",0.85,0.0004934500000000001
"You are a 5G network slicing expert. Your task is to allocate network resources for a new user joining the network.

=== NETWORK STATE ===
- eMBB Slice: 6 active users (Total capacity: 90 MHz)
- URLLC Slice: 7 active users (Total capacity: 30 MHz)

=== NEW USER INFORMATION ===
- User Position: (3.71, 131.1) meters (local coordinates)
- Region: HKUST_South
- Service Request: ""I need real-time manufacturing control""

=== IMPORTANT ===
The user's Channel Quality Indicator (CQI) is NOT directly provided.
You MUST call the ray_tracing tool with the user's position and region to obtain the CQI value before performing bandwidth and throughput calculations.

=== YOUR TASK ===
1. Call ray_tracing(user_x=3.71, user_y=131.1, region=""HKUST_South"") to obtain the user's CQI
2. Slice Type: Classify the service as eMBB (high bandwidth) or URLLC (low latency)
3. Bandwidth: Calculate using Proportional Fairness - B = SliceCapacity / (ExistingUsers + 1)
4. Throughput: Calculate using Shannon Formula - T = 10 * B * log10(1 + 10^(CQI/10))

=== CONSTRAINTS ===
- eMBB: Bandwidth range [6-20] MHz
- URLLC: Bandwidth range [1-5] MHz

=== OUTPUT FORMAT ===
CQI: [value from ray_tracing tool]
Slice Type: [eMBB or URLLC]
Bandwidth: [value] MHz
Throughput: [value] Mbps","CQI: 12  
Slice Type: URLLC  
Bandwidth: 3 MHz  
Throughput: 30.0 Mbps","{'slice_type': 'URLLC', 'cqi': 15, 'bandwidth': 3.75, 'throughput': 56.76}",0.53,0.0006843000000000001
"You are a 5G network slicing expert. Your task is to allocate network resources for a new user joining the network.

=== NETWORK STATE ===
- eMBB Slice: 2 active users (Total capacity: 90 MHz)
- URLLC Slice: 3 active users (Total capacity: 30 MHz)

=== NEW USER INFORMATION ===
- User Position: (64.57, 55.99) meters (local coordinates)
- Region: HKUST_Center
- Service Request: ""I need to monitor IoT sensors in real-time""

=== IMPORTANT ===
The user's Channel Quality Indicator (CQI) is NOT directly provided.
You MUST call the ray_tracing tool with the user's position and region to obtain the CQI value before performing bandwidth and throughput calculations.

=== YOUR TASK ===
1. Call ray_tracing(user_x=64.57, user_y=55.99, region=""HKUST_Center"") to obtain the user's CQI
2. Slice Type: Classify the service as eMBB (high bandwidth) or URLLC (low latency)
3. Bandwidth: Calculate using Proportional Fairness - B = SliceCapacity / (ExistingUsers + 1)
4. Throughput: Calculate using Shannon Formula - T = 10 * B * log10(1 + 10^(CQI/10))

=== CONSTRAINTS ===
- eMBB: Bandwidth range [6-20] MHz
- URLLC: Bandwidth range [1-5] MHz

=== OUTPUT FORMAT ===
CQI: [value from ray_tracing tool]
Slice Type: [eMBB or URLLC]
Bandwidth: [value] MHz
Throughput: [value] Mbps","CQI: 12  
Slice Type: URLLC  
Bandwidth: 5 MHz  
Throughput: 50.0 Mbps","{'slice_type': 'URLLC', 'cqi': 14, 'bandwidth': 5.0, 'throughput': 70.85}",0.8,0.0003053
"You are a 5G network slicing expert. Your task is to allocate network resources for a new user joining the network.

=== NETWORK STATE ===
- eMBB Slice: 2 active users (Total capacity: 90 MHz)
- URLLC Slice: 3 active users (Total capacity: 30 MHz)

=== NEW USER INFORMATION ===
- User Position: (28.24, 67.76) meters (local coordinates)
- Region: HKUST_North
- Service Request: ""I need factory robot synchronization""

=== IMPORTANT ===
The user's Channel Quality Indicator (CQI) is NOT directly provided.
You MUST call the ray_tracing tool with the user's position and region to obtain the CQI value before performing bandwidth and throughput calculations.

=== YOUR TASK ===
1. Call ray_tracing(user_x=28.24, user_y=67.76, region=""HKUST_North"") to obtain the user's CQI
2. Slice Type: Classify the service as eMBB (high bandwidth) or URLLC (low latency)
3. Bandwidth: Calculate using Proportional Fairness - B = SliceCapacity / (ExistingUsers + 1)
4. Throughput: Calculate using Shannon Formula - T = 10 * B * log10(1 + 10^(CQI/10))

=== CONSTRAINTS ===
- eMBB: Bandwidth range [6-20] MHz
- URLLC: Bandwidth range [1-5] MHz

=== OUTPUT FORMAT ===
CQI: [value from ray_tracing tool]
Slice Type: [eMBB or URLLC]
Bandwidth: [value] MHz
Throughput: [value] Mbps","CQI: 12
Slice Type: URLLC
Bandwidth: 5 MHz
Throughput: 50 Mbps","{'slice_type': 'URLLC', 'cqi': 15, 'bandwidth': 5.0, 'throughput': 75.68}",0.705,0.0007617000000000001
"You are a 5G network slicing expert. Your task is to allocate network resources for a new user joining the network.

=== NETWORK STATE ===
- eMBB Slice: 10 active users (Total capacity: 90 MHz)
- URLLC Slice: 3 active users (Total capacity: 30 MHz)

=== NEW USER INFORMATION ===
- User Position: (1.1, 35.38) meters (local coordinates)
- Region: HKUST_Center
- Service Request: ""I need holographic communication""

=== IMPORTANT ===
The user's Channel Quality Indicator (CQI) is NOT directly provided.
You MUST call the ray_tracing tool with the user's position and region to obtain the CQI value before performing bandwidth and throughput calculations.

=== YOUR TASK ===
1. Call ray_tracing(user_x=1.1, user_y=35.38, region=""HKUST_Center"") to obtain the user's CQI
2. Slice Type: Classify the service as eMBB (high bandwidth) or URLLC (low latency)
3. Bandwidth: Calculate using Proportional Fairness - B = SliceCapacity / (ExistingUsers + 1)
4. Throughput: Calculate using Shannon Formula - T = 10 * B * log10(1 + 10^(CQI/10))

=== CONSTRAINTS ===
- eMBB: Bandwidth range [6-20] MHz
- URLLC: Bandwidth range [1-5] MHz

=== OUTPUT FORMAT ===
CQI: [value from ray_tracing tool]
Slice Type: [eMBB or URLLC]
Bandwidth: [value] MHz
Throughput: [value] Mbps","CQI: 22
Slice Type: eMBB
Bandwidth: 9 MHz
Throughput: 180 Mbps","{'slice_type': 'eMBB', 'cqi': 15, 'bandwidth': 8.18, 'throughput': 123.81}",0.57,0.0013376500000000001
"You are a 5G network slicing expert. Your task is to allocate network resources for a new user joining the network.

=== NETWORK STATE ===
- eMBB Slice: 2 active users (Total capacity: 90 MHz)
- URLLC Slice: 10 active users (Total capacity: 30 MHz)

=== NEW USER INFORMATION ===
- User Position: (-25.99, 39.19) meters (local coordinates)
- Region: HKUST_North
- Service Request: ""I need precision CNC machine control""

=== IMPORTANT ===
The user's Channel Quality Indicator (CQI) is NOT directly provided.
You MUST call the ray_tracing tool with the user's position and region to obtain the CQI value before performing bandwidth and throughput calculations.

=== YOUR TASK ===
1. Call ray_tracing(user_x=-25.99, user_y=39.19, region=""HKUST_North"") to obtain the user's CQI
2. Slice Type: Classify the service as eMBB (high bandwidth) or URLLC (low latency)
3. Bandwidth: Calculate using Proportional Fairness - B = SliceCapacity / (ExistingUsers + 1)
4. Throughput: Calculate using Shannon Formula - T = 10 * B * log10(1 + 10^(CQI/10))

=== CONSTRAINTS ===
- eMBB: Bandwidth range [6-20] MHz
- URLLC: Bandwidth range [1-5] MHz

=== OUTPUT FORMAT ===
CQI: [value from ray_tracing tool]
Slice Type: [eMBB or URLLC]
Bandwidth: [value] MHz
Throughput: [value] Mbps","CQI: 22
Slice Type: URLLC
Bandwidth: 3 MHz
Throughput: 60.0 Mbps","{'slice_type': 'URLLC', 'cqi': 15, 'bandwidth': 2.73, 'throughput': 41.32}",0.6224999999999999,0.00320555
"You are a 5G network slicing expert. Your task is to allocate network resources for a new user joining the network.

=== NETWORK STATE ===
- eMBB Slice: 12 active users (Total capacity: 90 MHz)
- URLLC Slice: 5 active users (Total capacity: 30 MHz)

=== NEW USER INFORMATION ===
- User Position: (-20.74, 98.47) meters (local coordinates)
- Region: HKUST_Center
- Service Request: ""I need to participate in a video conference""

=== IMPORTANT ===
The user's Channel Quality Indicator (CQI) is NOT directly provided.
You MUST call the ray_tracing tool with the user's position and region to obtain the CQI value before performing bandwidth and throughput calculations.

=== YOUR TASK ===
1. Call ray_tracing(user_x=-20.74, user_y=98.47, region=""HKUST_Center"") to obtain the user's CQI
2. Slice Type: Classify the service as eMBB (high bandwidth) or URLLC (low latency)
3. Bandwidth: Calculate using Proportional Fairness - B = SliceCapacity / (ExistingUsers + 1)
4. Throughput: Calculate using Shannon Formula - T = 10 * B * log10(1 + 10^(CQI/10))

=== CONSTRAINTS ===
- eMBB: Bandwidth range [6-20] MHz
- URLLC: Bandwidth range [1-5] MHz

=== OUTPUT FORMAT ===
CQI: [value from ray_tracing tool]
Slice Type: [eMBB or URLLC]
Bandwidth: [value] MHz
Throughput: [value] Mbps","CQI: 12  
Slice Type: eMBB  
Bandwidth: 6 MHz  
Throughput: 72.0 Mbps","{'slice_type': 'eMBB', 'cqi': 15, 'bandwidth': 6.92, 'throughput': 104.74}",0.6,0.0024106000000000006
"You are a 5G network slicing expert. Your task is to allocate network resources for a new user joining the network.

=== NETWORK STATE ===
- eMBB Slice: 12 active users (Total capacity: 90 MHz)
- URLLC Slice: 3 active users (Total capacity: 30 MHz)

=== NEW USER INFORMATION ===
- User Position: (44.89, 73.94) meters (local coordinates)
- Region: HKUST_Center
- Service Request: ""I need to monitor IoT sensors in real-time""

=== IMPORTANT ===
The user's Channel Quality Indicator (CQI) is NOT directly provided.
You MUST call the ray_tracing tool with the user's position and region to obtain the CQI value before performing bandwidth and throughput calculations.

=== YOUR TASK ===
1. Call ray_tracing(user_x=44.89, user_y=73.94, region=""HKUST_Center"") to obtain the user's CQI
2. Slice Type: Classify the service as eMBB (high bandwidth) or URLLC (low latency)
3. Bandwidth: Calculate using Proportional Fairness - B = SliceCapacity / (ExistingUsers + 1)
4. Throughput: Calculate using Shannon Formula - T = 10 * B * log10(1 + 10^(CQI/10))

=== CONSTRAINTS ===
- eMBB: Bandwidth range [6-20] MHz
- URLLC: Bandwidth range [1-5] MHz

=== OUTPUT FORMAT ===
CQI: [value from ray_tracing tool]
Slice Type: [eMBB or URLLC]
Bandwidth: [value] MHz
Throughput: [value] Mbps","CQI: 12
Slice Type: URLLC
Bandwidth: 5 MHz
Throughput: 50.0 Mbps","{'slice_type': 'URLLC', 'cqi': 14, 'bandwidth': 5.0, 'throughput': 70.85}",0.8,0.002560250000000001
"You are a 5G network slicing expert. Your task is to allocate network resources for a new user joining the network.

=== NETWORK STATE ===
- eMBB Slice: 8 active users (Total capacity: 90 MHz)
- URLLC Slice: 4 active users (Total capacity: 30 MHz)

=== NEW USER INFORMATION ===
- User Position: (-213.76, 32.08) meters (local coordinates)
- Region: HKUST_Center
- Service Request: ""I need to monitor IoT sensors in real-time""

=== IMPORTANT ===
The user's Channel Quality Indicator (CQI) is NOT directly provided.
You MUST call the ray_tracing tool with the user's position and region to obtain the CQI value before performing bandwidth and throughput calculations.

=== YOUR TASK ===
1. Call ray_tracing(user_x=-213.76, user_y=32.08, region=""HKUST_Center"") to obtain the user's CQI
2. Slice Type: Classify the service as eMBB (high bandwidth) or URLLC (low latency)
3. Bandwidth: Calculate using Proportional Fairness - B = SliceCapacity / (ExistingUsers + 1)
4. Throughput: Calculate using Shannon Formula - T = 10 * B * log10(1 + 10^(CQI/10))

=== CONSTRAINTS ===
- eMBB: Bandwidth range [6-20] MHz
- URLLC: Bandwidth range [1-5] MHz

=== OUTPUT FORMAT ===
CQI: [value from ray_tracing tool]
Slice Type: [eMBB or URLLC]
Bandwidth: [value] MHz
Throughput: [value] Mbps","CQI: 12
Slice Type: URLLC
Bandwidth: 5 MHz
Throughput: 50.0 Mbps","{'slice_type': 'URLLC', 'cqi': 7, 'bandwidth': 5.0, 'throughput': 38.95}",0.725,0.0038513500000000003
"You are a 5G network slicing expert. Your task is to allocate network resources for a new user joining the network.

=== NETWORK STATE ===
- eMBB Slice: 6 active users (Total capacity: 90 MHz)
- URLLC Slice: 5 active users (Total capacity: 30 MHz)

=== NEW USER INFORMATION ===
- User Position: (64.94, -137.12) meters (local coordinates)
- Region: HKUST_South
- Service Request: ""I need holographic communication""

=== IMPORTANT ===
The user's Channel Quality Indicator (CQI) is NOT directly provided.
You MUST call the ray_tracing tool with the user's position and region to obtain the CQI value before performing bandwidth and throughput calculations.

=== YOUR TASK ===
1. Call ray_tracing(user_x=64.94, user_y=-137.12, region=""HKUST_South"") to obtain the user's CQI
2. Slice Type: Classify the service as eMBB (high bandwidth) or URLLC (low latency)
3. Bandwidth: Calculate using Proportional Fairness - B = SliceCapacity / (ExistingUsers + 1)
4. Throughput: Calculate using Shannon Formula - T = 10 * B * log10(1 + 10^(CQI/10))

=== CONSTRAINTS ===
- eMBB: Bandwidth range [6-20] MHz
- URLLC: Bandwidth range [1-5] MHz

=== OUTPUT FORMAT ===
CQI: [value from ray_tracing tool]
Slice Type: [eMBB or URLLC]
Bandwidth: [value] MHz
Throughput: [value] Mbps","CQI: 12  
Slice Type: eMBB  
Bandwidth: 10 MHz  
Throughput: 60 Mbps","{'slice_type': 'eMBB', 'cqi': 9, 'bandwidth': 12.86, 'throughput': 122.36}",0.455,0.0021445000000000006
"You are a 5G network slicing expert. Your task is to allocate network resources for a new user joining the network.

=== NETWORK STATE ===
- eMBB Slice: 9 active users (Total capacity: 90 MHz)
- URLLC Slice: 5 active users (Total capacity: 30 MHz)

=== NEW USER INFORMATION ===
- User Position: (-41.84, 41.28) meters (local coordinates)
- Region: HKUST_Center
- Service Request: ""I need high-frequency trading connectivity""

=== IMPORTANT ===
The user's Channel Quality Indicator (CQI) is NOT directly provided.
You MUST call the ray_tracing tool with the user's position and region to obtain the CQI value before performing bandwidth and throughput calculations.

=== YOUR TASK ===
1. Call ray_tracing(user_x=-41.84, user_y=41.28, region=""HKUST_Center"") to obtain the user's CQI
2. Slice Type: Classify the service as eMBB (high bandwidth) or URLLC (low latency)
3. Bandwidth: Calculate using Proportional Fairness - B = SliceCapacity / (ExistingUsers + 1)
4. Throughput: Calculate using Shannon Formula - T = 10 * B * log10(1 + 10^(CQI/10))

=== CONSTRAINTS ===
- eMBB: Bandwidth range [6-20] MHz
- URLLC: Bandwidth range [1-5] MHz

=== OUTPUT FORMAT ===
CQI: [value from ray_tracing tool]
Slice Type: [eMBB or URLLC]
Bandwidth: [value] MHz
Throughput: [value] Mbps","CQI: 22
Slice Type: eMBB
Bandwidth: 10 MHz
Throughput: 130 Mbps","{'slice_type': 'URLLC', 'cqi': 15, 'bandwidth': 5.0, 'throughput': 75.68}",0.06999999999999999,0.0034339500000000003
"You are a 5G network slicing expert. Your task is to allocate network resources for a new user joining the network.

=== NETWORK STATE ===
- eMBB Slice: 10 active users (Total capacity: 90 MHz)
- URLLC Slice: 7 active users (Total capacity: 30 MHz)

=== NEW USER INFORMATION ===
- User Position: (-199.94, -37.22) meters (local coordinates)
- Region: HKUST_Center
- Service Request: ""I want to download software updates""

=== IMPORTANT ===
The user's Channel Quality Indicator (CQI) is NOT directly provided.
You MUST call the ray_tracing tool with the user's position and region to obtain the CQI value before performing bandwidth and throughput calculations.

=== YOUR TASK ===
1. Call ray_tracing(user_x=-199.94, user_y=-37.22, region=""HKUST_Center"") to obtain the user's CQI
2. Slice Type: Classify the service as eMBB (high bandwidth) or URLLC (low latency)
3. Bandwidth: Calculate using Proportional Fairness - B = SliceCapacity / (ExistingUsers + 1)
4. Throughput: Calculate using Shannon Formula - T = 10 * B * log10(1 + 10^(CQI/10))

=== CONSTRAINTS ===
- eMBB: Bandwidth range [6-20] MHz
- URLLC: Bandwidth range [1-5] MHz

=== OUTPUT FORMAT ===
CQI: [value from ray_tracing tool]
Slice Type: [eMBB or URLLC]
Bandwidth: [value] MHz
Throughput: [value] Mbps","CQI: 12  
Slice Type: eMBB  
Bandwidth: 9.0 MHz  
Throughput: 60.0 Mbps","{'slice_type': 'eMBB', 'cqi': 15, 'bandwidth': 8.18, 'throughput': 123.81}",0.525,0.0022981000000000004
"You are a 5G network slicing expert. Your task is to allocate network resources for a new user joining the network.

=== NETWORK STATE ===
- eMBB Slice: 5 active users (Total capacity: 90 MHz)
- URLLC Slice: 4 active users (Total capacity: 30 MHz)

=== NEW USER INFORMATION ===
- User Position: (43.59, -11.14) meters (local coordinates)
- Region: HKUST_North
- Service Request: ""I want to stream a live sports event""

=== IMPORTANT ===
The user's Channel Quality Indicator (CQI) is NOT directly provided.
You MUST call the ray_tracing tool with the user's position and region to obtain the CQI value before performing bandwidth and throughput calculations.

=== YOUR TASK ===
1. Call ray_tracing(user_x=43.59, user_y=-11.14, region=""HKUST_North"") to obtain the user's CQI
2. Slice Type: Classify the service as eMBB (high bandwidth) or URLLC (low latency)
3. Bandwidth: Calculate using Proportional Fairness - B = SliceCapacity / (ExistingUsers + 1)
4. Throughput: Calculate using Shannon Formula - T = 10 * B * log10(1 + 10^(CQI/10))

=== CONSTRAINTS ===
- eMBB: Bandwidth range [6-20] MHz
- URLLC: Bandwidth range [1-5] MHz

=== OUTPUT FORMAT ===
CQI: [value from ray_tracing tool]
Slice Type: [eMBB or URLLC]
Bandwidth: [value] MHz
Throughput: [value] Mbps","CQI: 12  
Slice Type: eMBB  
Bandwidth: 15 MHz  
Throughput: 120 Mbps","{'slice_type': 'eMBB', 'cqi': 15, 'bandwidth': 15.0, 'throughput': 227.03}",0.705,0.0030922500000000004
"You are a 5G network slicing expert. Your task is to allocate network resources for a new user joining the network.

=== NETWORK STATE ===
- eMBB Slice: 11 active users (Total capacity: 90 MHz)
- URLLC Slice: 5 active users (Total capacity: 30 MHz)

=== NEW USER INFORMATION ===
- User Position: (39.15, 137.86) meters (local coordinates)
- Region: HKUST_South
- Service Request: ""I need real-time manufacturing control""

=== IMPORTANT ===
The user's Channel Quality Indicator (CQI) is NOT directly provided.
You MUST call the ray_tracing tool with the user's position and region to obtain the CQI value before performing bandwidth and throughput calculations.

=== YOUR TASK ===
1. Call ray_tracing(user_x=39.15, user_y=137.86, region=""HKUST_South"") to obtain the user's CQI
2. Slice Type: Classify the service as eMBB (high bandwidth) or URLLC (low latency)
3. Bandwidth: Calculate using Proportional Fairness - B = SliceCapacity / (ExistingUsers + 1)
4. Throughput: Calculate using Shannon Formula - T = 10 * B * log10(1 + 10^(CQI/10))

=== CONSTRAINTS ===
- eMBB: Bandwidth range [6-20] MHz
- URLLC: Bandwidth range [1-5] MHz

=== OUTPUT FORMAT ===
CQI: [value from ray_tracing tool]
Slice Type: [eMBB or URLLC]
Bandwidth: [value] MHz
Throughput: [value] Mbps","CQI: 12  
Slice Type: URLLC  
Bandwidth: 5 MHz  
Throughput: 50.0 Mbps","{'slice_type': 'URLLC', 'cqi': 15, 'bandwidth': 5.0, 'throughput': 75.68}",0.705,0.0037007000000000003
"You are a 5G network slicing expert. Your task is to allocate network resources for a new user joining the network.

=== NETWORK STATE ===
- eMBB Slice: 2 active users (Total capacity: 90 MHz)
- URLLC Slice: 3 active users (Total capacity: 30 MHz)

=== NEW USER INFORMATION ===
- User Position: (23.6, -91.43) meters (local coordinates)
- Region: HKUST_South
- Service Request: ""I need remote surgery equipment control""

=== IMPORTANT ===
The user's Channel Quality Indicator (CQI) is NOT directly provided.
You MUST call the ray_tracing tool with the user's position and region to obtain the CQI value before performing bandwidth and throughput calculations.

=== YOUR TASK ===
1. Call ray_tracing(user_x=23.6, user_y=-91.43, region=""HKUST_South"") to obtain the user's CQI
2. Slice Type: Classify the service as eMBB (high bandwidth) or URLLC (low latency)
3. Bandwidth: Calculate using Proportional Fairness - B = SliceCapacity / (ExistingUsers + 1)
4. Throughput: Calculate using Shannon Formula - T = 10 * B * log10(1 + 10^(CQI/10))

=== CONSTRAINTS ===
- eMBB: Bandwidth range [6-20] MHz
- URLLC: Bandwidth range [1-5] MHz

=== OUTPUT FORMAT ===
CQI: [value from ray_tracing tool]
Slice Type: [eMBB or URLLC]
Bandwidth: [value] MHz
Throughput: [value] Mbps","CQI: 22
Slice Type: URLLC
Bandwidth: 5 MHz
Throughput: 160 Mbps","{'slice_type': 'URLLC', 'cqi': 13, 'bandwidth': 5.0, 'throughput': 66.06}",0.6,0.0030543500000000004
"You are a 5G network slicing expert. Your task is to allocate network resources for a new user joining the network.

=== NETWORK STATE ===
- eMBB Slice: 3 active users (Total capacity: 90 MHz)
- URLLC Slice: 9 active users (Total capacity: 30 MHz)

=== NEW USER INFORMATION ===
- User Position: (8.93, 23.46) meters (local coordinates)
- Region: HKUST_North
- Service Request: ""I need cloud-based AI image processing""

=== IMPORTANT ===
The user's Channel Quality Indicator (CQI) is NOT directly provided.
You MUST call the ray_tracing tool with the user's position and region to obtain the CQI value before performing bandwidth and throughput calculations.

=== YOUR TASK ===
1. Call ray_tracing(user_x=8.93, user_y=23.46, region=""HKUST_North"") to obtain the user's CQI
2. Slice Type: Classify the service as eMBB (high bandwidth) or URLLC (low latency)
3. Bandwidth: Calculate using Proportional Fairness - B = SliceCapacity / (ExistingUsers + 1)
4. Throughput: Calculate using Shannon Formula - T = 10 * B * log10(1 + 10^(CQI/10))

=== CONSTRAINTS ===
- eMBB: Bandwidth range [6-20] MHz
- URLLC: Bandwidth range [1-5] MHz

=== OUTPUT FORMAT ===
CQI: [value from ray_tracing tool]
Slice Type: [eMBB or URLLC]
Bandwidth: [value] MHz
Throughput: [value] Mbps","CQI: 22
Slice Type: eMBB
Bandwidth: 15 MHz
Throughput: 150 Mbps","{'slice_type': 'eMBB', 'cqi': 15, 'bandwidth': 20.0, 'throughput': 302.7}",0.425,0.004081949999999999
"You are a 5G network slicing expert. Your task is to allocate network resources for a new user joining the network.

=== NETWORK STATE ===
- eMBB Slice: 9 active users (Total capacity: 90 MHz)
- URLLC Slice: 10 active users (Total capacity: 30 MHz)

=== NEW USER INFORMATION ===
- User Position: (-151.82, 101.22) meters (local coordinates)
- Region: HKUST_Center
- Service Request: ""I want to browse websites and check email""

=== IMPORTANT ===
The user's Channel Quality Indicator (CQI) is NOT directly provided.
You MUST call the ray_tracing tool with the user's position and region to obtain the CQI value before performing bandwidth and throughput calculations.

=== YOUR TASK ===
1. Call ray_tracing(user_x=-151.82, user_y=101.22, region=""HKUST_Center"") to obtain the user's CQI
2. Slice Type: Classify the service as eMBB (high bandwidth) or URLLC (low latency)
3. Bandwidth: Calculate using Proportional Fairness - B = SliceCapacity / (ExistingUsers + 1)
4. Throughput: Calculate using Shannon Formula - T = 10 * B * log10(1 + 10^(CQI/10))

=== CONSTRAINTS ===
- eMBB: Bandwidth range [6-20] MHz
- URLLC: Bandwidth range [1-5] MHz

=== OUTPUT FORMAT ===
CQI: [value from ray_tracing tool]
Slice Type: [eMBB or URLLC]
Bandwidth: [value] MHz
Throughput: [value] Mbps","CQI: 12
Slice Type: eMBB
Bandwidth: 10 MHz
Throughput: 40.0 Mbps","{'slice_type': 'eMBB', 'cqi': 8, 'bandwidth': 9.0, 'throughput': 77.75}",0.6,0.005113449999999999
"You are a 5G network slicing expert. Your task is to allocate network resources for a new user joining the network.

=== NETWORK STATE ===
- eMBB Slice: 9 active users (Total capacity: 90 MHz)
- URLLC Slice: 9 active users (Total capacity: 30 MHz)

=== NEW USER INFORMATION ===
- User Position: (-109.9, -21.87) meters (local coordinates)
- Region: HKUST_Center
- Service Request: ""I want to stream a live sports event""

=== IMPORTANT ===
The user's Channel Quality Indicator (CQI) is NOT directly provided.
You MUST call the ray_tracing tool with the user's position and region to obtain the CQI value before performing bandwidth and throughput calculations.

=== YOUR TASK ===
1. Call ray_tracing(user_x=-109.9, user_y=-21.87, region=""HKUST_Center"") to obtain the user's CQI
2. Slice Type: Classify the service as eMBB (high bandwidth) or URLLC (low latency)
3. Bandwidth: Calculate using Proportional Fairness - B = SliceCapacity / (ExistingUsers + 1)
4. Throughput: Calculate using Shannon Formula - T = 10 * B * log10(1 + 10^(CQI/10))

=== CONSTRAINTS ===
- eMBB: Bandwidth range [6-20] MHz
- URLLC: Bandwidth range [1-5] MHz

=== OUTPUT FORMAT ===
CQI: [value from ray_tracing tool]
Slice Type: [eMBB or URLLC]
Bandwidth: [value] MHz
Throughput: [value] Mbps","CQI: 12
Slice Type: eMBB
Bandwidth: 10 MHz
Throughput: 40.0 Mbps","{'slice_type': 'eMBB', 'cqi': 15, 'bandwidth': 9.0, 'throughput': 136.22}",0.525,0.00542225
"You are a 5G network slicing expert. Your task is to allocate network resources for a new user joining the network.

=== NETWORK STATE ===
- eMBB Slice: 9 active users (Total capacity: 90 MHz)
- URLLC Slice: 5 active users (Total capacity: 30 MHz)

=== NEW USER INFORMATION ===
- User Position: (-164.86, 105.85) meters (local coordinates)
- Region: HKUST_Center
- Service Request: ""I need to participate in a video conference""

=== IMPORTANT ===
The user's Channel Quality Indicator (CQI) is NOT directly provided.
You MUST call the ray_tracing tool with the user's position and region to obtain the CQI value before performing bandwidth and throughput calculations.

=== YOUR TASK ===
1. Call ray_tracing(user_x=-164.86, user_y=105.85, region=""HKUST_Center"") to obtain the user's CQI
2. Slice Type: Classify the service as eMBB (high bandwidth) or URLLC (low latency)
3. Bandwidth: Calculate using Proportional Fairness - B = SliceCapacity / (ExistingUsers + 1)
4. Throughput: Calculate using Shannon Formula - T = 10 * B * log10(1 + 10^(CQI/10))

=== CONSTRAINTS ===
- eMBB: Bandwidth range [6-20] MHz
- URLLC: Bandwidth range [1-5] MHz

=== OUTPUT FORMAT ===
CQI: [value from ray_tracing tool]
Slice Type: [eMBB or URLLC]
Bandwidth: [value] MHz
Throughput: [value] Mbps","CQI: 12
Slice Type: eMBB
Bandwidth: 10 MHz
Throughput: 40 Mbps","{'slice_type': 'eMBB', 'cqi': 7, 'bandwidth': 9.0, 'throughput': 70.11}",0.57,0.0047648
"You are a 5G network slicing expert. Your task is to allocate network resources for a new user joining the network.

=== NETWORK STATE ===
- eMBB Slice: 7 active users (Total capacity: 90 MHz)
- URLLC Slice: 10 active users (Total capacity: 30 MHz)

=== NEW USER INFORMATION ===
- User Position: (-162.11, 1.37) meters (local coordinates)
- Region: HKUST_Center
- Service Request: ""I want to use augmented reality navigation""

=== IMPORTANT ===
The user's Channel Quality Indicator (CQI) is NOT directly provided.
You MUST call the ray_tracing tool with the user's position and region to obtain the CQI value before performing bandwidth and throughput calculations.

=== YOUR TASK ===
1. Call ray_tracing(user_x=-162.11, user_y=1.37, region=""HKUST_Center"") to obtain the user's CQI
2. Slice Type: Classify the service as eMBB (high bandwidth) or URLLC (low latency)
3. Bandwidth: Calculate using Proportional Fairness - B = SliceCapacity / (ExistingUsers + 1)
4. Throughput: Calculate using Shannon Formula - T = 10 * B * log10(1 + 10^(CQI/10))

=== CONSTRAINTS ===
- eMBB: Bandwidth range [6-20] MHz
- URLLC: Bandwidth range [1-5] MHz

=== OUTPUT FORMAT ===
CQI: [value from ray_tracing tool]
Slice Type: [eMBB or URLLC]
Bandwidth: [value] MHz
Throughput: [value] Mbps","CQI: 12
Slice Type: eMBB
Bandwidth: 12.86 MHz
Throughput: 154.3 Mbps","{'slice_type': 'eMBB', 'cqi': 15, 'bandwidth': 11.25, 'throughput': 170.27}",0.7375,0.0055027999999999995
"You are a 5G network slicing expert. Your task is to allocate network resources for a new user joining the network.

=== NETWORK STATE ===
- eMBB Slice: 5 active users (Total capacity: 90 MHz)
- URLLC Slice: 3 active users (Total capacity: 30 MHz)

=== NEW USER INFORMATION ===
- User Position: (-4.64, -18.61) meters (local coordinates)
- Region: HKUST_North
- Service Request: ""I want to stream music while browsing social media""

=== IMPORTANT ===
The user's Channel Quality Indicator (CQI) is NOT directly provided.
You MUST call the ray_tracing tool with the user's position and region to obtain the CQI value before performing bandwidth and throughput calculations.

=== YOUR TASK ===
1. Call ray_tracing(user_x=-4.64, user_y=-18.61, region=""HKUST_North"") to obtain the user's CQI
2. Slice Type: Classify the service as eMBB (high bandwidth) or URLLC (low latency)
3. Bandwidth: Calculate using Proportional Fairness - B = SliceCapacity / (ExistingUsers + 1)
4. Throughput: Calculate using Shannon Formula - T = 10 * B * log10(1 + 10^(CQI/10))

=== CONSTRAINTS ===
- eMBB: Bandwidth range [6-20] MHz
- URLLC: Bandwidth range [1-5] MHz

=== OUTPUT FORMAT ===
CQI: [value from ray_tracing tool]
Slice Type: [eMBB or URLLC]
Bandwidth: [value] MHz
Throughput: [value] Mbps","CQI: 12
Slice Type: eMBB
Bandwidth: 15 MHz
Throughput: 60.0 Mbps","{'slice_type': 'eMBB', 'cqi': 15, 'bandwidth': 15.0, 'throughput': 227.03}",0.63,0.0040441999999999995
"You are a 5G network slicing expert. Your task is to allocate network resources for a new user joining the network.

=== NETWORK STATE ===
- eMBB Slice: 8 active users (Total capacity: 90 MHz)
- URLLC Slice: 8 active users (Total capacity: 30 MHz)

=== NEW USER INFORMATION ===
- User Position: (-103.38, -41.87) meters (local coordinates)
- Region: HKUST_Center
- Service Request: ""I need real-time patient vital signs monitoring""

=== IMPORTANT ===
The user's Channel Quality Indicator (CQI) is NOT directly provided.
You MUST call the ray_tracing tool with the user's position and region to obtain the CQI value before performing bandwidth and throughput calculations.

=== YOUR TASK ===
1. Call ray_tracing(user_x=-103.38, user_y=-41.87, region=""HKUST_Center"") to obtain the user's CQI
2. Slice Type: Classify the service as eMBB (high bandwidth) or URLLC (low latency)
3. Bandwidth: Calculate using Proportional Fairness - B = SliceCapacity / (ExistingUsers + 1)
4. Throughput: Calculate using Shannon Formula - T = 10 * B * log10(1 + 10^(CQI/10))

=== CONSTRAINTS ===
- eMBB: Bandwidth range [6-20] MHz
- URLLC: Bandwidth range [1-5] MHz

=== OUTPUT FORMAT ===
CQI: [value from ray_tracing tool]
Slice Type: [eMBB or URLLC]
Bandwidth: [value] MHz
Throughput: [value] Mbps","CQI: 22
Slice Type: URLLC
Bandwidth: 3 MHz
Throughput: 60 Mbps","{'slice_type': 'URLLC', 'cqi': 15, 'bandwidth': 3.33, 'throughput': 50.4}",0.7224999999999999,0.004118749999999999
"You are a 5G network slicing expert. Your task is to allocate network resources for a new user joining the network.

=== NETWORK STATE ===
- eMBB Slice: 11 active users (Total capacity: 90 MHz)
- URLLC Slice: 8 active users (Total capacity: 30 MHz)

=== NEW USER INFORMATION ===
- User Position: (-248.88, 127.11) meters (local coordinates)
- Region: HKUST_Center
- Service Request: ""I want to stream music while browsing social media""

=== IMPORTANT ===
The user's Channel Quality Indicator (CQI) is NOT directly provided.
You MUST call the ray_tracing tool with the user's position and region to obtain the CQI value before performing bandwidth and throughput calculations.

=== YOUR TASK ===
1. Call ray_tracing(user_x=-248.88, user_y=127.11, region=""HKUST_Center"") to obtain the user's CQI
2. Slice Type: Classify the service as eMBB (high bandwidth) or URLLC (low latency)
3. Bandwidth: Calculate using Proportional Fairness - B = SliceCapacity / (ExistingUsers + 1)
4. Throughput: Calculate using Shannon Formula - T = 10 * B * log10(1 + 10^(CQI/10))

=== CONSTRAINTS ===
- eMBB: Bandwidth range [6-20] MHz
- URLLC: Bandwidth range [1-5] MHz

=== OUTPUT FORMAT ===
CQI: [value from ray_tracing tool]
Slice Type: [eMBB or URLLC]
Bandwidth: [value] MHz
Throughput: [value] Mbps","CQI: 12
Slice Type: eMBB
Bandwidth: 8.18 MHz
Throughput: 40.9 Mbps","{'slice_type': 'eMBB', 'cqi': 5, 'bandwidth': 7.5, 'throughput': 46.45}",0.7224999999999999,0.0049575999999999995
"You are a 5G network slicing expert. Your task is to allocate network resources for a new user joining the network.

=== NETWORK STATE ===
- eMBB Slice: 8 active users (Total capacity: 90 MHz)
- URLLC Slice: 10 active users (Total capacity: 30 MHz)

=== NEW USER INFORMATION ===
- User Position: (122.23, 127.72) meters (local coordinates)
- Region: HKUST_South
- Service Request: ""I need precision CNC machine control""

=== IMPORTANT ===
The user's Channel Quality Indicator (CQI) is NOT directly provided.
You MUST call the ray_tracing tool with the user's position and region to obtain the CQI value before performing bandwidth and throughput calculations.

=== YOUR TASK ===
1. Call ray_tracing(user_x=122.23, user_y=127.72, region=""HKUST_South"") to obtain the user's CQI
2. Slice Type: Classify the service as eMBB (high bandwidth) or URLLC (low latency)
3. Bandwidth: Calculate using Proportional Fairness - B = SliceCapacity / (ExistingUsers + 1)
4. Throughput: Calculate using Shannon Formula - T = 10 * B * log10(1 + 10^(CQI/10))

=== CONSTRAINTS ===
- eMBB: Bandwidth range [6-20] MHz
- URLLC: Bandwidth range [1-5] MHz

=== OUTPUT FORMAT ===
CQI: [value from ray_tracing tool]
Slice Type: [eMBB or URLLC]
Bandwidth: [value] MHz
Throughput: [value] Mbps","CQI: 18
Slice Type: URLLC
Bandwidth: 2.5 MHz
Throughput: 42.6 Mbps","{'slice_type': 'URLLC', 'cqi': 8, 'bandwidth': 2.73, 'throughput': 23.58}",0.5475,0.0043854
"You are a 5G network slicing expert. Your task is to allocate network resources for a new user joining the network.

=== NETWORK STATE ===
- eMBB Slice: 6 active users (Total capacity: 90 MHz)
- URLLC Slice: 8 active users (Total capacity: 30 MHz)

=== NEW USER INFORMATION ===
- User Position: (37.4, 46.08) meters (local coordinates)
- Region: HKUST_Center
- Service Request: ""I want to use virtual reality gaming""

=== IMPORTANT ===
The user's Channel Quality Indicator (CQI) is NOT directly provided.
You MUST call the ray_tracing tool with the user's position and region to obtain the CQI value before performing bandwidth and throughput calculations.

=== YOUR TASK ===
1. Call ray_tracing(user_x=37.4, user_y=46.08, region=""HKUST_Center"") to obtain the user's CQI
2. Slice Type: Classify the service as eMBB (high bandwidth) or URLLC (low latency)
3. Bandwidth: Calculate using Proportional Fairness - B = SliceCapacity / (ExistingUsers + 1)
4. Throughput: Calculate using Shannon Formula - T = 10 * B * log10(1 + 10^(CQI/10))

=== CONSTRAINTS ===
- eMBB: Bandwidth range [6-20] MHz
- URLLC: Bandwidth range [1-5] MHz

=== OUTPUT FORMAT ===
CQI: [value from ray_tracing tool]
Slice Type: [eMBB or URLLC]
Bandwidth: [value] MHz
Throughput: [value] Mbps","CQI: 12
Slice Type: eMBB
Bandwidth: 10 MHz
Throughput: 60.0 Mbps","{'slice_type': 'eMBB', 'cqi': 15, 'bandwidth': 12.86, 'throughput': 194.64}",0.455,0.00446395
"You are a 5G network slicing expert. Your task is to allocate network resources for a new user joining the network.

=== NETWORK STATE ===
- eMBB Slice: 4 active users (Total capacity: 90 MHz)
- URLLC Slice: 10 active users (Total capacity: 30 MHz)

=== NEW USER INFORMATION ===
- User Position: (114.06, 123.7) meters (local coordinates)
- Region: HKUST_South
- Service Request: ""I want to use virtual reality gaming""

=== IMPORTANT ===
The user's Channel Quality Indicator (CQI) is NOT directly provided.
You MUST call the ray_tracing tool with the user's position and region to obtain the CQI value before performing bandwidth and throughput calculations.

=== YOUR TASK ===
1. Call ray_tracing(user_x=114.06, user_y=123.7, region=""HKUST_South"") to obtain the user's CQI
2. Slice Type: Classify the service as eMBB (high bandwidth) or URLLC (low latency)
3. Bandwidth: Calculate using Proportional Fairness - B = SliceCapacity / (ExistingUsers + 1)
4. Throughput: Calculate using Shannon Formula - T = 10 * B * log10(1 + 10^(CQI/10))

=== CONSTRAINTS ===
- eMBB: Bandwidth range [6-20] MHz
- URLLC: Bandwidth range [1-5] MHz

=== OUTPUT FORMAT ===
CQI: [value from ray_tracing tool]
Slice Type: [eMBB or URLLC]
Bandwidth: [value] MHz
Throughput: [value] Mbps","CQI: 12
Slice Type: eMBB
Bandwidth: 15 MHz
Throughput: 150 Mbps","{'slice_type': 'eMBB', 'cqi': 9, 'bandwidth': 18.0, 'throughput': 171.27}",0.7,0.006832899999999999
"You are a 5G network slicing expert. Your task is to allocate network resources for a new user joining the network.

=== NETWORK STATE ===
- eMBB Slice: 12 active users (Total capacity: 90 MHz)
- URLLC Slice: 8 active users (Total capacity: 30 MHz)

=== NEW USER INFORMATION ===
- User Position: (-71.28, -49.14) meters (local coordinates)
- Region: HKUST_Center
- Service Request: ""I need cloud-based AI image processing""

=== IMPORTANT ===
The user's Channel Quality Indicator (CQI) is NOT directly provided.
You MUST call the ray_tracing tool with the user's position and region to obtain the CQI value before performing bandwidth and throughput calculations.

=== YOUR TASK ===
1. Call ray_tracing(user_x=-71.28, user_y=-49.14, region=""HKUST_Center"") to obtain the user's CQI
2. Slice Type: Classify the service as eMBB (high bandwidth) or URLLC (low latency)
3. Bandwidth: Calculate using Proportional Fairness - B = SliceCapacity / (ExistingUsers + 1)
4. Throughput: Calculate using Shannon Formula - T = 10 * B * log10(1 + 10^(CQI/10))

=== CONSTRAINTS ===
- eMBB: Bandwidth range [6-20] MHz
- URLLC: Bandwidth range [1-5] MHz

=== OUTPUT FORMAT ===
CQI: [value from ray_tracing tool]
Slice Type: [eMBB or URLLC]
Bandwidth: [value] MHz
Throughput: [value] Mbps","CQI: 18
Slice Type: eMBB
Bandwidth: 6.43 MHz
Throughput: 128.6 Mbps","{'slice_type': 'eMBB', 'cqi': 15, 'bandwidth': 6.92, 'throughput': 104.74}",0.6725,0.00599495
"You are a 5G network slicing expert. Your task is to allocate network resources for a new user joining the network.

=== NETWORK STATE ===
- eMBB Slice: 5 active users (Total capacity: 90 MHz)
- URLLC Slice: 9 active users (Total capacity: 30 MHz)

=== NEW USER INFORMATION ===
- User Position: (-60.02, 4.92) meters (local coordinates)
- Region: HKUST_North
- Service Request: ""I want to download software updates""

=== IMPORTANT ===
The user's Channel Quality Indicator (CQI) is NOT directly provided.
You MUST call the ray_tracing tool with the user's position and region to obtain the CQI value before performing bandwidth and throughput calculations.

=== YOUR TASK ===
1. Call ray_tracing(user_x=-60.02, user_y=4.92, region=""HKUST_North"") to obtain the user's CQI
2. Slice Type: Classify the service as eMBB (high bandwidth) or URLLC (low latency)
3. Bandwidth: Calculate using Proportional Fairness - B = SliceCapacity / (ExistingUsers + 1)
4. Throughput: Calculate using Shannon Formula - T = 10 * B * log10(1 + 10^(CQI/10))

=== CONSTRAINTS ===
- eMBB: Bandwidth range [6-20] MHz
- URLLC: Bandwidth range [1-5] MHz

=== OUTPUT FORMAT ===
CQI: [value from ray_tracing tool]
Slice Type: [eMBB or URLLC]
Bandwidth: [value] MHz
Throughput: [value] Mbps","CQI: 22
Slice Type: eMBB
Bandwidth: 15 MHz
Throughput: 225.0 Mbps","{'slice_type': 'eMBB', 'cqi': 15, 'bandwidth': 15.0, 'throughput': 227.03}",0.85,0.005805999999999999
"You are a 5G network slicing expert. Your task is to allocate network resources for a new user joining the network.

=== NETWORK STATE ===
- eMBB Slice: 8 active users (Total capacity: 90 MHz)
- URLLC Slice: 6 active users (Total capacity: 30 MHz)

=== NEW USER INFORMATION ===
- User Position: (-10.23, 158.06) meters (local coordinates)
- Region: HKUST_South
- Service Request: ""I need emergency machine shutdown capability""

=== IMPORTANT ===
The user's Channel Quality Indicator (CQI) is NOT directly provided.
You MUST call the ray_tracing tool with the user's position and region to obtain the CQI value before performing bandwidth and throughput calculations.

=== YOUR TASK ===
1. Call ray_tracing(user_x=-10.23, user_y=158.06, region=""HKUST_South"") to obtain the user's CQI
2. Slice Type: Classify the service as eMBB (high bandwidth) or URLLC (low latency)
3. Bandwidth: Calculate using Proportional Fairness - B = SliceCapacity / (ExistingUsers + 1)
4. Throughput: Calculate using Shannon Formula - T = 10 * B * log10(1 + 10^(CQI/10))

=== CONSTRAINTS ===
- eMBB: Bandwidth range [6-20] MHz
- URLLC: Bandwidth range [1-5] MHz

=== OUTPUT FORMAT ===
CQI: [value from ray_tracing tool]
Slice Type: [eMBB or URLLC]
Bandwidth: [value] MHz
Throughput: [value] Mbps","CQI: 22
Slice Type: URLLC
Bandwidth: 3 MHz
Throughput: 60 Mbps","{'slice_type': 'URLLC', 'cqi': 15, 'bandwidth': 4.29, 'throughput': 64.93}",0.5675,0.006488099999999998
"You are a 5G network slicing expert. Your task is to allocate network resources for a new user joining the network.

=== NETWORK STATE ===
- eMBB Slice: 7 active users (Total capacity: 90 MHz)
- URLLC Slice: 5 active users (Total capacity: 30 MHz)

=== NEW USER INFORMATION ===
- User Position: (56.28, -29.08) meters (local coordinates)
- Region: HKUST_North
- Service Request: ""I need high-frequency trading connectivity""

=== IMPORTANT ===
The user's Channel Quality Indicator (CQI) is NOT directly provided.
You MUST call the ray_tracing tool with the user's position and region to obtain the CQI value before performing bandwidth and throughput calculations.

=== YOUR TASK ===
1. Call ray_tracing(user_x=56.28, user_y=-29.08, region=""HKUST_North"") to obtain the user's CQI
2. Slice Type: Classify the service as eMBB (high bandwidth) or URLLC (low latency)
3. Bandwidth: Calculate using Proportional Fairness - B = SliceCapacity / (ExistingUsers + 1)
4. Throughput: Calculate using Shannon Formula - T = 10 * B * log10(1 + 10^(CQI/10))

=== CONSTRAINTS ===
- eMBB: Bandwidth range [6-20] MHz
- URLLC: Bandwidth range [1-5] MHz

=== OUTPUT FORMAT ===
CQI: [value from ray_tracing tool]
Slice Type: [eMBB or URLLC]
Bandwidth: [value] MHz
Throughput: [value] Mbps","CQI: 22
Slice Type: eMBB
Bandwidth: 10 MHz
Throughput: 120.4 Mbps","{'slice_type': 'URLLC', 'cqi': 15, 'bandwidth': 5.0, 'throughput': 75.68}",0.06999999999999999,0.006374549999999999
"You are a 5G network slicing expert. Your task is to allocate network resources for a new user joining the network.

=== NETWORK STATE ===
- eMBB Slice: 5 active users (Total capacity: 90 MHz)
- URLLC Slice: 5 active users (Total capacity: 30 MHz)

=== NEW USER INFORMATION ===
- User Position: (-242.13, -48.32) meters (local coordinates)
- Region: HKUST_Center
- Service Request: ""I need real-time patient vital signs monitoring""

=== IMPORTANT ===
The user's Channel Quality Indicator (CQI) is NOT directly provided.
You MUST call the ray_tracing tool with the user's position and region to obtain the CQI value before performing bandwidth and throughput calculations.

=== YOUR TASK ===
1. Call ray_tracing(user_x=-242.13, user_y=-48.32, region=""HKUST_Center"") to obtain the user's CQI
2. Slice Type: Classify the service as eMBB (high bandwidth) or URLLC (low latency)
3. Bandwidth: Calculate using Proportional Fairness - B = SliceCapacity / (ExistingUsers + 1)
4. Throughput: Calculate using Shannon Formula - T = 10 * B * log10(1 + 10^(CQI/10))

=== CONSTRAINTS ===
- eMBB: Bandwidth range [6-20] MHz
- URLLC: Bandwidth range [1-5] MHz

=== OUTPUT FORMAT ===
CQI: [value from ray_tracing tool]
Slice Type: [eMBB or URLLC]
Bandwidth: [value] MHz
Throughput: [value] Mbps","CQI: 12
Slice Type: URLLC
Bandwidth: 5 MHz
Throughput: 50.0 Mbps","{'slice_type': 'URLLC', 'cqi': 15, 'bandwidth': 5.0, 'throughput': 75.68}",0.705,0.006108999999999999
"You are a 5G network slicing expert. Your task is to allocate network resources for a new user joining the network.

=== NETWORK STATE ===
- eMBB Slice: 9 active users (Total capacity: 90 MHz)
- URLLC Slice: 6 active users (Total capacity: 30 MHz)

=== NEW USER INFORMATION ===
- User Position: (-49.35, 64.04) meters (local coordinates)
- Region: HKUST_North
- Service Request: ""I want to play competitive online gaming""

=== IMPORTANT ===
The user's Channel Quality Indicator (CQI) is NOT directly provided.
You MUST call the ray_tracing tool with the user's position and region to obtain the CQI value before performing bandwidth and throughput calculations.

=== YOUR TASK ===
1. Call ray_tracing(user_x=-49.35, user_y=64.04, region=""HKUST_North"") to obtain the user's CQI
2. Slice Type: Classify the service as eMBB (high bandwidth) or URLLC (low latency)
3. Bandwidth: Calculate using Proportional Fairness - B = SliceCapacity / (ExistingUsers + 1)
4. Throughput: Calculate using Shannon Formula - T = 10 * B * log10(1 + 10^(CQI/10))

=== CONSTRAINTS ===
- eMBB: Bandwidth range [6-20] MHz
- URLLC: Bandwidth range [1-5] MHz

=== OUTPUT FORMAT ===
CQI: [value from ray_tracing tool]
Slice Type: [eMBB or URLLC]
Bandwidth: [value] MHz
Throughput: [value] Mbps","CQI: 12
Slice Type: eMBB
Bandwidth: 10 MHz
Throughput: 40 Mbps","{'slice_type': 'URLLC', 'cqi': 15, 'bandwidth': 4.29, 'throughput': 64.93}",0.175,0.006525349999999998
"You are a 5G network slicing expert. Your task is to allocate network resources for a new user joining the network.

=== NETWORK STATE ===
- eMBB Slice: 3 active users (Total capacity: 90 MHz)
- URLLC Slice: 4 active users (Total capacity: 30 MHz)

=== NEW USER INFORMATION ===
- User Position: (-57.31, 99.7) meters (local coordinates)
- Region: HKUST_Center
- Service Request: ""I need autonomous vehicle communication""

=== IMPORTANT ===
The user's Channel Quality Indicator (CQI) is NOT directly provided.
You MUST call the ray_tracing tool with the user's position and region to obtain the CQI value before performing bandwidth and throughput calculations.

=== YOUR TASK ===
1. Call ray_tracing(user_x=-57.31, user_y=99.7, region=""HKUST_Center"") to obtain the user's CQI
2. Slice Type: Classify the service as eMBB (high bandwidth) or URLLC (low latency)
3. Bandwidth: Calculate using Proportional Fairness - B = SliceCapacity / (ExistingUsers + 1)
4. Throughput: Calculate using Shannon Formula - T = 10 * B * log10(1 + 10^(CQI/10))

=== CONSTRAINTS ===
- eMBB: Bandwidth range [6-20] MHz
- URLLC: Bandwidth range [1-5] MHz

=== OUTPUT FORMAT ===
CQI: [value from ray_tracing tool]
Slice Type: [eMBB or URLLC]
Bandwidth: [value] MHz
Throughput: [value] Mbps","CQI: 12
Slice Type: URLLC
Bandwidth: 5 MHz
Throughput: 50.0 Mbps","{'slice_type': 'URLLC', 'cqi': 15, 'bandwidth': 5.0, 'throughput': 75.68}",0.705,0.006183149999999999
"You are a 5G network slicing expert. Your task is to allocate network resources for a new user joining the network.

=== NETWORK STATE ===
- eMBB Slice: 12 active users (Total capacity: 90 MHz)
- URLLC Slice: 8 active users (Total capacity: 30 MHz)

=== NEW USER INFORMATION ===
- User Position: (-246.88, 9.68) meters (local coordinates)
- Region: HKUST_Center
- Service Request: ""I need remote desktop access""

=== IMPORTANT ===
The user's Channel Quality Indicator (CQI) is NOT directly provided.
You MUST call the ray_tracing tool with the user's position and region to obtain the CQI value before performing bandwidth and throughput calculations.

=== YOUR TASK ===
1. Call ray_tracing(user_x=-246.88, user_y=9.68, region=""HKUST_Center"") to obtain the user's CQI
2. Slice Type: Classify the service as eMBB (high bandwidth) or URLLC (low latency)
3. Bandwidth: Calculate using Proportional Fairness - B = SliceCapacity / (ExistingUsers + 1)
4. Throughput: Calculate using Shannon Formula - T = 10 * B * log10(1 + 10^(CQI/10))

=== CONSTRAINTS ===
- eMBB: Bandwidth range [6-20] MHz
- URLLC: Bandwidth range [1-5] MHz

=== OUTPUT FORMAT ===
CQI: [value from ray_tracing tool]
Slice Type: [eMBB or URLLC]
Bandwidth: [value] MHz
Throughput: [value] Mbps","CQI: 12
Slice Type: eMBB
Bandwidth: 6.43 MHz
Throughput: 128.6 Mbps","{'slice_type': 'eMBB', 'cqi': 6, 'bandwidth': 6.92, 'throughput': 48.25}",0.5475,0.007368199999999999
"You are a 5G network slicing expert. Your task is to allocate network resources for a new user joining the network.

=== NETWORK STATE ===
- eMBB Slice: 12 active users (Total capacity: 90 MHz)
- URLLC Slice: 5 active users (Total capacity: 30 MHz)

=== NEW USER INFORMATION ===
- User Position: (-55.74, 37.3) meters (local coordinates)
- Region: HKUST_North
- Service Request: ""I want to download software updates""

=== IMPORTANT ===
The user's Channel Quality Indicator (CQI) is NOT directly provided.
You MUST call the ray_tracing tool with the user's position and region to obtain the CQI value before performing bandwidth and throughput calculations.

=== YOUR TASK ===
1. Call ray_tracing(user_x=-55.74, user_y=37.3, region=""HKUST_North"") to obtain the user's CQI
2. Slice Type: Classify the service as eMBB (high bandwidth) or URLLC (low latency)
3. Bandwidth: Calculate using Proportional Fairness - B = SliceCapacity / (ExistingUsers + 1)
4. Throughput: Calculate using Shannon Formula - T = 10 * B * log10(1 + 10^(CQI/10))

=== CONSTRAINTS ===
- eMBB: Bandwidth range [6-20] MHz
- URLLC: Bandwidth range [1-5] MHz

=== OUTPUT FORMAT ===
CQI: [value from ray_tracing tool]
Slice Type: [eMBB or URLLC]
Bandwidth: [value] MHz
Throughput: [value] Mbps","CQI: 12
Slice Type: eMBB
Bandwidth: 6.43 MHz
Throughput: 192.8 Mbps","{'slice_type': 'eMBB', 'cqi': 15, 'bandwidth': 6.92, 'throughput': 104.74}",0.5775,0.00702545
"You are a 5G network slicing expert. Your task is to allocate network resources for a new user joining the network.

=== NETWORK STATE ===
- eMBB Slice: 3 active users (Total capacity: 90 MHz)
- URLLC Slice: 2 active users (Total capacity: 30 MHz)

=== NEW USER INFORMATION ===
- User Position: (149.21, 49.16) meters (local coordinates)
- Region: HKUST_South
- Service Request: ""I want to use virtual reality gaming""

=== IMPORTANT ===
The user's Channel Quality Indicator (CQI) is NOT directly provided.
You MUST call the ray_tracing tool with the user's position and region to obtain the CQI value before performing bandwidth and throughput calculations.

=== YOUR TASK ===
1. Call ray_tracing(user_x=149.21, user_y=49.16, region=""HKUST_South"") to obtain the user's CQI
2. Slice Type: Classify the service as eMBB (high bandwidth) or URLLC (low latency)
3. Bandwidth: Calculate using Proportional Fairness - B = SliceCapacity / (ExistingUsers + 1)
4. Throughput: Calculate using Shannon Formula - T = 10 * B * log10(1 + 10^(CQI/10))

=== CONSTRAINTS ===
- eMBB: Bandwidth range [6-20] MHz
- URLLC: Bandwidth range [1-5] MHz

=== OUTPUT FORMAT ===
CQI: [value from ray_tracing tool]
Slice Type: [eMBB or URLLC]
Bandwidth: [value] MHz
Throughput: [value] Mbps","CQI: 12
Slice Type: eMBB
Bandwidth: 15 MHz
Throughput: 180.6 Mbps","{'slice_type': 'eMBB', 'cqi': 9, 'bandwidth': 20.0, 'throughput': 190.3}",0.6675,0.006640799999999999
"You are a 5G network slicing expert. Your task is to allocate network resources for a new user joining the network.

=== NETWORK STATE ===
- eMBB Slice: 7 active users (Total capacity: 90 MHz)
- URLLC Slice: 2 active users (Total capacity: 30 MHz)

=== NEW USER INFORMATION ===
- User Position: (-134.46, 49.74) meters (local coordinates)
- Region: HKUST_Center
- Service Request: ""I need real-time fraud detection""

=== IMPORTANT ===
The user's Channel Quality Indicator (CQI) is NOT directly provided.
You MUST call the ray_tracing tool with the user's position and region to obtain the CQI value before performing bandwidth and throughput calculations.

=== YOUR TASK ===
1. Call ray_tracing(user_x=-134.46, user_y=49.74, region=""HKUST_Center"") to obtain the user's CQI
2. Slice Type: Classify the service as eMBB (high bandwidth) or URLLC (low latency)
3. Bandwidth: Calculate using Proportional Fairness - B = SliceCapacity / (ExistingUsers + 1)
4. Throughput: Calculate using Shannon Formula - T = 10 * B * log10(1 + 10^(CQI/10))

=== CONSTRAINTS ===
- eMBB: Bandwidth range [6-20] MHz
- URLLC: Bandwidth range [1-5] MHz

=== OUTPUT FORMAT ===
CQI: [value from ray_tracing tool]
Slice Type: [eMBB or URLLC]
Bandwidth: [value] MHz
Throughput: [value] Mbps","CQI: 12
Slice Type: URLLC
Bandwidth: 5 MHz
Throughput: 50.0 Mbps","{'slice_type': 'URLLC', 'cqi': 10, 'bandwidth': 5.0, 'throughput': 52.07}",0.9125000000000001,0.0071369
"You are a 5G network slicing expert. Your task is to allocate network resources for a new user joining the network.

=== NETWORK STATE ===
- eMBB Slice: 12 active users (Total capacity: 90 MHz)
- URLLC Slice: 9 active users (Total capacity: 30 MHz)

=== NEW USER INFORMATION ===
- User Position: (-58.37, 161.04) meters (local coordinates)
- Region: HKUST_South
- Service Request: ""I need real-time manufacturing control""

=== IMPORTANT ===
The user's Channel Quality Indicator (CQI) is NOT directly provided.
You MUST call the ray_tracing tool with the user's position and region to obtain the CQI value before performing bandwidth and throughput calculations.

=== YOUR TASK ===
1. Call ray_tracing(user_x=-58.37, user_y=161.04, region=""HKUST_South"") to obtain the user's CQI
2. Slice Type: Classify the service as eMBB (high bandwidth) or URLLC (low latency)
3. Bandwidth: Calculate using Proportional Fairness - B = SliceCapacity / (ExistingUsers + 1)
4. Throughput: Calculate using Shannon Formula - T = 10 * B * log10(1 + 10^(CQI/10))

=== CONSTRAINTS ===
- eMBB: Bandwidth range [6-20] MHz
- URLLC: Bandwidth range [1-5] MHz

=== OUTPUT FORMAT ===
CQI: [value from ray_tracing tool]
Slice Type: [eMBB or URLLC]
Bandwidth: [value] MHz
Throughput: [value] Mbps","CQI: 12
Slice Type: URLLC
Bandwidth: 3 MHz
Throughput: 30 Mbps","{'slice_type': 'URLLC', 'cqi': 8, 'bandwidth': 3.0, 'throughput': 25.92}",0.8049999999999999,0.00748145
"You are a 5G network slicing expert. Your task is to allocate network resources for a new user joining the network.

=== NETWORK STATE ===
- eMBB Slice: 6 active users (Total capacity: 90 MHz)
- URLLC Slice: 10 active users (Total capacity: 30 MHz)

=== NEW USER INFORMATION ===
- User Position: (53.74, 65.88) meters (local coordinates)
- Region: HKUST_North
- Service Request: ""I need emergency machine shutdown capability""

=== IMPORTANT ===
The user's Channel Quality Indicator (CQI) is NOT directly provided.
You MUST call the ray_tracing tool with the user's position and region to obtain the CQI value before performing bandwidth and throughput calculations.

=== YOUR TASK ===
1. Call ray_tracing(user_x=53.74, user_y=65.88, region=""HKUST_North"") to obtain the user's CQI
2. Slice Type: Classify the service as eMBB (high bandwidth) or URLLC (low latency)
3. Bandwidth: Calculate using Proportional Fairness - B = SliceCapacity / (ExistingUsers + 1)
4. Throughput: Calculate using Shannon Formula - T = 10 * B * log10(1 + 10^(CQI/10))

=== CONSTRAINTS ===
- eMBB: Bandwidth range [6-20] MHz
- URLLC: Bandwidth range [1-5] MHz

=== OUTPUT FORMAT ===
CQI: [value from ray_tracing tool]
Slice Type: [eMBB or URLLC]
Bandwidth: [value] MHz
Throughput: [value] Mbps","CQI: 12
Slice Type: URLLC
Bandwidth: 3 MHz
Throughput: 30 Mbps","{'slice_type': 'URLLC', 'cqi': 15, 'bandwidth': 2.73, 'throughput': 41.32}",0.7025,0.008776399999999998
"You are a 5G network slicing expert. Your task is to allocate network resources for a new user joining the network.

=== NETWORK STATE ===
- eMBB Slice: 7 active users (Total capacity: 90 MHz)
- URLLC Slice: 5 active users (Total capacity: 30 MHz)

=== NEW USER INFORMATION ===
- User Position: (142.37, 46.69) meters (local coordinates)
- Region: HKUST_South
- Service Request: ""I need autonomous vehicle communication""

=== IMPORTANT ===
The user's Channel Quality Indicator (CQI) is NOT directly provided.
You MUST call the ray_tracing tool with the user's position and region to obtain the CQI value before performing bandwidth and throughput calculations.

=== YOUR TASK ===
1. Call ray_tracing(user_x=142.37, user_y=46.69, region=""HKUST_South"") to obtain the user's CQI
2. Slice Type: Classify the service as eMBB (high bandwidth) or URLLC (low latency)
3. Bandwidth: Calculate using Proportional Fairness - B = SliceCapacity / (ExistingUsers + 1)
4. Throughput: Calculate using Shannon Formula - T = 10 * B * log10(1 + 10^(CQI/10))

=== CONSTRAINTS ===
- eMBB: Bandwidth range [6-20] MHz
- URLLC: Bandwidth range [1-5] MHz

=== OUTPUT FORMAT ===
CQI: [value from ray_tracing tool]
Slice Type: [eMBB or URLLC]
Bandwidth: [value] MHz
Throughput: [value] Mbps","CQI: 22
Slice Type: URLLC
Bandwidth: 5 MHz
Throughput: 60.0 Mbps","{'slice_type': 'URLLC', 'cqi': 9, 'bandwidth': 5.0, 'throughput': 47.57}",0.725,0.0077842499999999995
"You are a 5G network slicing expert. Your task is to allocate network resources for a new user joining the network.

=== NETWORK STATE ===
- eMBB Slice: 9 active users (Total capacity: 90 MHz)
- URLLC Slice: 8 active users (Total capacity: 30 MHz)

=== NEW USER INFORMATION ===
- User Position: (157.95, -61.54) meters (local coordinates)
- Region: HKUST_South
- Service Request: ""I need cloud-based AI image processing""

=== IMPORTANT ===
The user's Channel Quality Indicator (CQI) is NOT directly provided.
You MUST call the ray_tracing tool with the user's position and region to obtain the CQI value before performing bandwidth and throughput calculations.

=== YOUR TASK ===
1. Call ray_tracing(user_x=157.95, user_y=-61.54, region=""HKUST_South"") to obtain the user's CQI
2. Slice Type: Classify the service as eMBB (high bandwidth) or URLLC (low latency)
3. Bandwidth: Calculate using Proportional Fairness - B = SliceCapacity / (ExistingUsers + 1)
4. Throughput: Calculate using Shannon Formula - T = 10 * B * log10(1 + 10^(CQI/10))

=== CONSTRAINTS ===
- eMBB: Bandwidth range [6-20] MHz
- URLLC: Bandwidth range [1-5] MHz

=== OUTPUT FORMAT ===
CQI: [value from ray_tracing tool]
Slice Type: [eMBB or URLLC]
Bandwidth: [value] MHz
Throughput: [value] Mbps","CQI: 12
Slice Type: eMBB
Bandwidth: 10 MHz
Throughput: 40 Mbps","{'slice_type': 'eMBB', 'cqi': 8, 'bandwidth': 9.0, 'throughput': 77.75}",0.6,0.007633
"You are a 5G network slicing expert. Your task is to allocate network resources for a new user joining the network.

=== NETWORK STATE ===
- eMBB Slice: 6 active users (Total capacity: 90 MHz)
- URLLC Slice: 7 active users (Total capacity: 30 MHz)

=== NEW USER INFORMATION ===
- User Position: (-37.11, -71.39) meters (local coordinates)
- Region: HKUST_South
- Service Request: ""I need holographic communication""

=== IMPORTANT ===
The user's Channel Quality Indicator (CQI) is NOT directly provided.
You MUST call the ray_tracing tool with the user's position and region to obtain the CQI value before performing bandwidth and throughput calculations.

=== YOUR TASK ===
1. Call ray_tracing(user_x=-37.11, user_y=-71.39, region=""HKUST_South"") to obtain the user's CQI
2. Slice Type: Classify the service as eMBB (high bandwidth) or URLLC (low latency)
3. Bandwidth: Calculate using Proportional Fairness - B = SliceCapacity / (ExistingUsers + 1)
4. Throughput: Calculate using Shannon Formula - T = 10 * B * log10(1 + 10^(CQI/10))

=== CONSTRAINTS ===
- eMBB: Bandwidth range [6-20] MHz
- URLLC: Bandwidth range [1-5] MHz

=== OUTPUT FORMAT ===
CQI: [value from ray_tracing tool]
Slice Type: [eMBB or URLLC]
Bandwidth: [value] MHz
Throughput: [value] Mbps","CQI: 18
Slice Type: eMBB
Bandwidth: 10 MHz
Throughput: 70 Mbps","{'slice_type': 'eMBB', 'cqi': 15, 'bandwidth': 12.86, 'throughput': 194.64}",0.425,0.008887799999999998
"You are a 5G network slicing expert. Your task is to allocate network resources for a new user joining the network.

=== NETWORK STATE ===
- eMBB Slice: 10 active users (Total capacity: 90 MHz)
- URLLC Slice: 5 active users (Total capacity: 30 MHz)

=== NEW USER INFORMATION ===
- User Position: (31.63, 60.03) meters (local coordinates)
- Region: HKUST_Center
- Service Request: ""I need remote desktop access""

=== IMPORTANT ===
The user's Channel Quality Indicator (CQI) is NOT directly provided.
You MUST call the ray_tracing tool with the user's position and region to obtain the CQI value before performing bandwidth and throughput calculations.

=== YOUR TASK ===
1. Call ray_tracing(user_x=31.63, user_y=60.03, region=""HKUST_Center"") to obtain the user's CQI
2. Slice Type: Classify the service as eMBB (high bandwidth) or URLLC (low latency)
3. Bandwidth: Calculate using Proportional Fairness - B = SliceCapacity / (ExistingUsers + 1)
4. Throughput: Calculate using Shannon Formula - T = 10 * B * log10(1 + 10^(CQI/10))

=== CONSTRAINTS ===
- eMBB: Bandwidth range [6-20] MHz
- URLLC: Bandwidth range [1-5] MHz

=== OUTPUT FORMAT ===
CQI: [value from ray_tracing tool]
Slice Type: [eMBB or URLLC]
Bandwidth: [value] MHz
Throughput: [value] Mbps","CQI: 22
Slice Type: eMBB
Bandwidth: 8.18 MHz
Throughput: 40.9 Mbps","{'slice_type': 'eMBB', 'cqi': 15, 'bandwidth': 8.18, 'throughput': 123.81}",0.6,0.008585999999999998
"You are a 5G network slicing expert. Your task is to allocate network resources for a new user joining the network.

=== NETWORK STATE ===
- eMBB Slice: 9 active users (Total capacity: 90 MHz)
- URLLC Slice: 9 active users (Total capacity: 30 MHz)

=== NEW USER INFORMATION ===
- User Position: (48.39, 98.13) meters (local coordinates)
- Region: HKUST_South
- Service Request: ""I want to watch 4K video streaming""

=== IMPORTANT ===
The user's Channel Quality Indicator (CQI) is NOT directly provided.
You MUST call the ray_tracing tool with the user's position and region to obtain the CQI value before performing bandwidth and throughput calculations.

=== YOUR TASK ===
1. Call ray_tracing(user_x=48.39, user_y=98.13, region=""HKUST_South"") to obtain the user's CQI
2. Slice Type: Classify the service as eMBB (high bandwidth) or URLLC (low latency)
3. Bandwidth: Calculate using Proportional Fairness - B = SliceCapacity / (ExistingUsers + 1)
4. Throughput: Calculate using Shannon Formula - T = 10 * B * log10(1 + 10^(CQI/10))

=== CONSTRAINTS ===
- eMBB: Bandwidth range [6-20] MHz
- URLLC: Bandwidth range [1-5] MHz

=== OUTPUT FORMAT ===
CQI: [value from ray_tracing tool]
Slice Type: [eMBB or URLLC]
Bandwidth: [value] MHz
Throughput: [value] Mbps","CQI: 12  
Slice Type: eMBB  
Bandwidth: 10 MHz  
Throughput: 40 Mbps","{'slice_type': 'eMBB', 'cqi': 15, 'bandwidth': 9.0, 'throughput': 136.22}",0.525,0.009041249999999997
"You are a 5G network slicing expert. Your task is to allocate network resources for a new user joining the network.

=== NETWORK STATE ===
- eMBB Slice: 5 active users (Total capacity: 90 MHz)
- URLLC Slice: 6 active users (Total capacity: 30 MHz)

=== NEW USER INFORMATION ===
- User Position: (-19.42, 7.55) meters (local coordinates)
- Region: HKUST_North
- Service Request: ""I need factory robot synchronization""

=== IMPORTANT ===
The user's Channel Quality Indicator (CQI) is NOT directly provided.
You MUST call the ray_tracing tool with the user's position and region to obtain the CQI value before performing bandwidth and throughput calculations.

=== YOUR TASK ===
1. Call ray_tracing(user_x=-19.42, user_y=7.55, region=""HKUST_North"") to obtain the user's CQI
2. Slice Type: Classify the service as eMBB (high bandwidth) or URLLC (low latency)
3. Bandwidth: Calculate using Proportional Fairness - B = SliceCapacity / (ExistingUsers + 1)
4. Throughput: Calculate using Shannon Formula - T = 10 * B * log10(1 + 10^(CQI/10))

=== CONSTRAINTS ===
- eMBB: Bandwidth range [6-20] MHz
- URLLC: Bandwidth range [1-5] MHz

=== OUTPUT FORMAT ===
CQI: [value from ray_tracing tool]
Slice Type: [eMBB or URLLC]
Bandwidth: [value] MHz
Throughput: [value] Mbps","CQI: 12
Slice Type: URLLC
Bandwidth: 4 MHz
Throughput: 56.0 Mbps","{'slice_type': 'URLLC', 'cqi': 15, 'bandwidth': 4.29, 'throughput': 64.93}",0.7525,0.008850649999999998
"You are a 5G network slicing expert. Your task is to allocate network resources for a new user joining the network.

=== NETWORK STATE ===
- eMBB Slice: 10 active users (Total capacity: 90 MHz)
- URLLC Slice: 7 active users (Total capacity: 30 MHz)

=== NEW USER INFORMATION ===
- User Position: (66.48, -30.52) meters (local coordinates)
- Region: HKUST_South
- Service Request: ""I need cloud-based AI image processing""

=== IMPORTANT ===
The user's Channel Quality Indicator (CQI) is NOT directly provided.
You MUST call the ray_tracing tool with the user's position and region to obtain the CQI value before performing bandwidth and throughput calculations.

=== YOUR TASK ===
1. Call ray_tracing(user_x=66.48, user_y=-30.52, region=""HKUST_South"") to obtain the user's CQI
2. Slice Type: Classify the service as eMBB (high bandwidth) or URLLC (low latency)
3. Bandwidth: Calculate using Proportional Fairness - B = SliceCapacity / (ExistingUsers + 1)
4. Throughput: Calculate using Shannon Formula - T = 10 * B * log10(1 + 10^(CQI/10))

=== CONSTRAINTS ===
- eMBB: Bandwidth range [6-20] MHz
- URLLC: Bandwidth range [1-5] MHz

=== OUTPUT FORMAT ===
CQI: [value from ray_tracing tool]
Slice Type: [eMBB or URLLC]
Bandwidth: [value] MHz
Throughput: [value] Mbps","CQI: 18
Slice Type: eMBB
Bandwidth: 9.0 MHz
Throughput: 127.5 Mbps","{'slice_type': 'eMBB', 'cqi': 15, 'bandwidth': 8.18, 'throughput': 123.81}",0.7324999999999999,0.009233749999999997
"You are a 5G network slicing expert. Your task is to allocate network resources for a new user joining the network.

=== NETWORK STATE ===
- eMBB Slice: 5 active users (Total capacity: 90 MHz)
- URLLC Slice: 7 active users (Total capacity: 30 MHz)

=== NEW USER INFORMATION ===
- User Position: (-2.33, -65.67) meters (local coordinates)
- Region: HKUST_South
- Service Request: ""I want to monitor home security cameras""

=== IMPORTANT ===
The user's Channel Quality Indicator (CQI) is NOT directly provided.
You MUST call the ray_tracing tool with the user's position and region to obtain the CQI value before performing bandwidth and throughput calculations.

=== YOUR TASK ===
1. Call ray_tracing(user_x=-2.33, user_y=-65.67, region=""HKUST_South"") to obtain the user's CQI
2. Slice Type: Classify the service as eMBB (high bandwidth) or URLLC (low latency)
3. Bandwidth: Calculate using Proportional Fairness - B = SliceCapacity / (ExistingUsers + 1)
4. Throughput: Calculate using Shannon Formula - T = 10 * B * log10(1 + 10^(CQI/10))

=== CONSTRAINTS ===
- eMBB: Bandwidth range [6-20] MHz
- URLLC: Bandwidth range [1-5] MHz

=== OUTPUT FORMAT ===
CQI: [value from ray_tracing tool]
Slice Type: [eMBB or URLLC]
Bandwidth: [value] MHz
Throughput: [value] Mbps","CQI: 12
Slice Type: eMBB
Bandwidth: 15 MHz
Throughput: 150 Mbps","{'slice_type': 'eMBB', 'cqi': 15, 'bandwidth': 15.0, 'throughput': 227.03}",0.705,0.009153499999999997
"You are a 5G network slicing expert. Your task is to allocate network resources for a new user joining the network.

=== NETWORK STATE ===
- eMBB Slice: 9 active users (Total capacity: 90 MHz)
- URLLC Slice: 6 active users (Total capacity: 30 MHz)

=== NEW USER INFORMATION ===
- User Position: (-194.9, -10.05) meters (local coordinates)
- Region: HKUST_Center
- Service Request: ""I need high-frequency trading connectivity""

=== IMPORTANT ===
The user's Channel Quality Indicator (CQI) is NOT directly provided.
You MUST call the ray_tracing tool with the user's position and region to obtain the CQI value before performing bandwidth and throughput calculations.

=== YOUR TASK ===
1. Call ray_tracing(user_x=-194.9, user_y=-10.05, region=""HKUST_Center"") to obtain the user's CQI
2. Slice Type: Classify the service as eMBB (high bandwidth) or URLLC (low latency)
3. Bandwidth: Calculate using Proportional Fairness - B = SliceCapacity / (ExistingUsers + 1)
4. Throughput: Calculate using Shannon Formula - T = 10 * B * log10(1 + 10^(CQI/10))

=== CONSTRAINTS ===
- eMBB: Bandwidth range [6-20] MHz
- URLLC: Bandwidth range [1-5] MHz

=== OUTPUT FORMAT ===
CQI: [value from ray_tracing tool]
Slice Type: [eMBB or URLLC]
Bandwidth: [value] MHz
Throughput: [value] Mbps","CQI: 15  
Slice Type: eMBB  
Bandwidth: 10 MHz  
Throughput: 100 Mbps","{'slice_type': 'URLLC', 'cqi': 15, 'bandwidth': 4.29, 'throughput': 64.93}",0.21999999999999997,0.008163649999999998
"You are a 5G network slicing expert. Your task is to allocate network resources for a new user joining the network.

=== NETWORK STATE ===
- eMBB Slice: 5 active users (Total capacity: 90 MHz)
- URLLC Slice: 6 active users (Total capacity: 30 MHz)

=== NEW USER INFORMATION ===
- User Position: (-60.72, 147.73) meters (local coordinates)
- Region: HKUST_Center
- Service Request: ""I want to use augmented reality navigation""

=== IMPORTANT ===
The user's Channel Quality Indicator (CQI) is NOT directly provided.
You MUST call the ray_tracing tool with the user's position and region to obtain the CQI value before performing bandwidth and throughput calculations.

=== YOUR TASK ===
1. Call ray_tracing(user_x=-60.72, user_y=147.73, region=""HKUST_Center"") to obtain the user's CQI
2. Slice Type: Classify the service as eMBB (high bandwidth) or URLLC (low latency)
3. Bandwidth: Calculate using Proportional Fairness - B = SliceCapacity / (ExistingUsers + 1)
4. Throughput: Calculate using Shannon Formula - T = 10 * B * log10(1 + 10^(CQI/10))

=== CONSTRAINTS ===
- eMBB: Bandwidth range [6-20] MHz
- URLLC: Bandwidth range [1-5] MHz

=== OUTPUT FORMAT ===
CQI: [value from ray_tracing tool]
Slice Type: [eMBB or URLLC]
Bandwidth: [value] MHz
Throughput: [value] Mbps","CQI: 12
Slice Type: eMBB
Bandwidth: 15 MHz
Throughput: 120 Mbps","{'slice_type': 'eMBB', 'cqi': 15, 'bandwidth': 15.0, 'throughput': 227.03}",0.705,0.008430449999999997
"You are a 5G network slicing expert. Your task is to allocate network resources for a new user joining the network.

=== NETWORK STATE ===
- eMBB Slice: 6 active users (Total capacity: 90 MHz)
- URLLC Slice: 2 active users (Total capacity: 30 MHz)

=== NEW USER INFORMATION ===
- User Position: (-83.85, 28.58) meters (local coordinates)
- Region: HKUST_South
- Service Request: ""I need precision CNC machine control""

=== IMPORTANT ===
The user's Channel Quality Indicator (CQI) is NOT directly provided.
You MUST call the ray_tracing tool with the user's position and region to obtain the CQI value before performing bandwidth and throughput calculations.

=== YOUR TASK ===
1. Call ray_tracing(user_x=-83.85, user_y=28.58, region=""HKUST_South"") to obtain the user's CQI
2. Slice Type: Classify the service as eMBB (high bandwidth) or URLLC (low latency)
3. Bandwidth: Calculate using Proportional Fairness - B = SliceCapacity / (ExistingUsers + 1)
4. Throughput: Calculate using Shannon Formula - T = 10 * B * log10(1 + 10^(CQI/10))

=== CONSTRAINTS ===
- eMBB: Bandwidth range [6-20] MHz
- URLLC: Bandwidth range [1-5] MHz

=== OUTPUT FORMAT ===
CQI: [value from ray_tracing tool]
Slice Type: [eMBB or URLLC]
Bandwidth: [value] MHz
Throughput: [value] Mbps","CQI: 12  
Slice Type: URLLC  
Bandwidth: 5 MHz  
Throughput: 50.0 Mbps","{'slice_type': 'URLLC', 'cqi': 15, 'bandwidth': 5.0, 'throughput': 75.68}",0.705,0.00801175
"You are a 5G network slicing expert. Your task is to allocate network resources for a new user joining the network.

=== NETWORK STATE ===
- eMBB Slice: 2 active users (Total capacity: 90 MHz)
- URLLC Slice: 6 active users (Total capacity: 30 MHz)

=== NEW USER INFORMATION ===
- User Position: (154.28, 15.15) meters (local coordinates)
- Region: HKUST_South
- Service Request: ""I need cloud-based AI image processing""

=== IMPORTANT ===
The user's Channel Quality Indicator (CQI) is NOT directly provided.
You MUST call the ray_tracing tool with the user's position and region to obtain the CQI value before performing bandwidth and throughput calculations.

=== YOUR TASK ===
1. Call ray_tracing(user_x=154.28, user_y=15.15, region=""HKUST_South"") to obtain the user's CQI
2. Slice Type: Classify the service as eMBB (high bandwidth) or URLLC (low latency)
3. Bandwidth: Calculate using Proportional Fairness - B = SliceCapacity / (ExistingUsers + 1)
4. Throughput: Calculate using Shannon Formula - T = 10 * B * log10(1 + 10^(CQI/10))

=== CONSTRAINTS ===
- eMBB: Bandwidth range [6-20] MHz
- URLLC: Bandwidth range [1-5] MHz

=== OUTPUT FORMAT ===
CQI: [value from ray_tracing tool]
Slice Type: [eMBB or URLLC]
Bandwidth: [value] MHz
Throughput: [value] Mbps","CQI: 22
Slice Type: eMBB
Bandwidth: 30 MHz
Throughput: 150.0 Mbps","{'slice_type': 'eMBB', 'cqi': 9, 'bandwidth': 20.0, 'throughput': 190.3}",0.445,0.008663049999999999
"You are a 5G network slicing expert. Your task is to allocate network resources for a new user joining the network.

=== NETWORK STATE ===
- eMBB Slice: 9 active users (Total capacity: 90 MHz)
- URLLC Slice: 3 active users (Total capacity: 30 MHz)

=== NEW USER INFORMATION ===
- User Position: (-36.4, -121.3) meters (local coordinates)
- Region: HKUST_South
- Service Request: ""I need real-time manufacturing control""

=== IMPORTANT ===
The user's Channel Quality Indicator (CQI) is NOT directly provided.
You MUST call the ray_tracing tool with the user's position and region to obtain the CQI value before performing bandwidth and throughput calculations.

=== YOUR TASK ===
1. Call ray_tracing(user_x=-36.4, user_y=-121.3, region=""HKUST_South"") to obtain the user's CQI
2. Slice Type: Classify the service as eMBB (high bandwidth) or URLLC (low latency)
3. Bandwidth: Calculate using Proportional Fairness - B = SliceCapacity / (ExistingUsers + 1)
4. Throughput: Calculate using Shannon Formula - T = 10 * B * log10(1 + 10^(CQI/10))

=== CONSTRAINTS ===
- eMBB: Bandwidth range [6-20] MHz
- URLLC: Bandwidth range [1-5] MHz

=== OUTPUT FORMAT ===
CQI: [value from ray_tracing tool]
Slice Type: [eMBB or URLLC]
Bandwidth: [value] MHz
Throughput: [value] Mbps","CQI: 12
Slice Type: URLLC
Bandwidth: 5 MHz
Throughput: 60.0 Mbps","{'slice_type': 'URLLC', 'cqi': 15, 'bandwidth': 5.0, 'throughput': 75.68}",0.755,0.008700749999999998
"You are a 5G network slicing expert. Your task is to allocate network resources for a new user joining the network.

=== NETWORK STATE ===
- eMBB Slice: 2 active users (Total capacity: 90 MHz)
- URLLC Slice: 4 active users (Total capacity: 30 MHz)

=== NEW USER INFORMATION ===
- User Position: (-67.14, 58.17) meters (local coordinates)
- Region: HKUST_South
- Service Request: ""I need holographic communication""

=== IMPORTANT ===
The user's Channel Quality Indicator (CQI) is NOT directly provided.
You MUST call the ray_tracing tool with the user's position and region to obtain the CQI value before performing bandwidth and throughput calculations.

=== YOUR TASK ===
1. Call ray_tracing(user_x=-67.14, user_y=58.17, region=""HKUST_South"") to obtain the user's CQI
2. Slice Type: Classify the service as eMBB (high bandwidth) or URLLC (low latency)
3. Bandwidth: Calculate using Proportional Fairness - B = SliceCapacity / (ExistingUsers + 1)
4. Throughput: Calculate using Shannon Formula - T = 10 * B * log10(1 + 10^(CQI/10))

=== CONSTRAINTS ===
- eMBB: Bandwidth range [6-20] MHz
- URLLC: Bandwidth range [1-5] MHz

=== OUTPUT FORMAT ===
CQI: [value from ray_tracing tool]
Slice Type: [eMBB or URLLC]
Bandwidth: [value] MHz
Throughput: [value] Mbps","CQI: 12
Slice Type: eMBB
Bandwidth: 30 MHz
Throughput: 150.0 Mbps","{'slice_type': 'eMBB', 'cqi': 15, 'bandwidth': 20.0, 'throughput': 302.7}",0.35000000000000003,0.009464849999999997
"You are a 5G network slicing expert. Your task is to allocate network resources for a new user joining the network.

=== NETWORK STATE ===
- eMBB Slice: 10 active users (Total capacity: 90 MHz)
- URLLC Slice: 8 active users (Total capacity: 30 MHz)

=== NEW USER INFORMATION ===
- User Position: (-64.05, -60.19) meters (local coordinates)
- Region: HKUST_South
- Service Request: ""I need high-frequency trading connectivity""

=== IMPORTANT ===
The user's Channel Quality Indicator (CQI) is NOT directly provided.
You MUST call the ray_tracing tool with the user's position and region to obtain the CQI value before performing bandwidth and throughput calculations.

=== YOUR TASK ===
1. Call ray_tracing(user_x=-64.05, user_y=-60.19, region=""HKUST_South"") to obtain the user's CQI
2. Slice Type: Classify the service as eMBB (high bandwidth) or URLLC (low latency)
3. Bandwidth: Calculate using Proportional Fairness - B = SliceCapacity / (ExistingUsers + 1)
4. Throughput: Calculate using Shannon Formula - T = 10 * B * log10(1 + 10^(CQI/10))

=== CONSTRAINTS ===
- eMBB: Bandwidth range [6-20] MHz
- URLLC: Bandwidth range [1-5] MHz

=== OUTPUT FORMAT ===
CQI: [value from ray_tracing tool]
Slice Type: [eMBB or URLLC]
Bandwidth: [value] MHz
Throughput: [value] Mbps","CQI: 22
Slice Type: eMBB
Bandwidth: 8.18 MHz
Throughput: 109.6 Mbps","{'slice_type': 'URLLC', 'cqi': 15, 'bandwidth': 3.33, 'throughput': 50.4}",0.06999999999999999,0.009505099999999997
"You are a 5G network slicing expert. Your task is to allocate network resources for a new user joining the network.

=== NETWORK STATE ===
- eMBB Slice: 9 active users (Total capacity: 90 MHz)
- URLLC Slice: 9 active users (Total capacity: 30 MHz)

=== NEW USER INFORMATION ===
- User Position: (-181.68, 53.17) meters (local coordinates)
- Region: HKUST_Center
- Service Request: ""I need holographic communication""

=== IMPORTANT ===
The user's Channel Quality Indicator (CQI) is NOT directly provided.
You MUST call the ray_tracing tool with the user's position and region to obtain the CQI value before performing bandwidth and throughput calculations.

=== YOUR TASK ===
1. Call ray_tracing(user_x=-181.68, user_y=53.17, region=""HKUST_Center"") to obtain the user's CQI
2. Slice Type: Classify the service as eMBB (high bandwidth) or URLLC (low latency)
3. Bandwidth: Calculate using Proportional Fairness - B = SliceCapacity / (ExistingUsers + 1)
4. Throughput: Calculate using Shannon Formula - T = 10 * B * log10(1 + 10^(CQI/10))

=== CONSTRAINTS ===
- eMBB: Bandwidth range [6-20] MHz
- URLLC: Bandwidth range [1-5] MHz

=== OUTPUT FORMAT ===
CQI: [value from ray_tracing tool]
Slice Type: [eMBB or URLLC]
Bandwidth: [value] MHz
Throughput: [value] Mbps","CQI: 22
Slice Type: eMBB
Bandwidth: 10 MHz
Throughput: 140 Mbps","{'slice_type': 'eMBB', 'cqi': 8, 'bandwidth': 9.0, 'throughput': 77.75}",0.495,0.004917599999999999
"You are a 5G network slicing expert. Your task is to allocate network resources for a new user joining the network.

=== NETWORK STATE ===
- eMBB Slice: 11 active users (Total capacity: 90 MHz)
- URLLC Slice: 3 active users (Total capacity: 30 MHz)

=== NEW USER INFORMATION ===
- User Position: (-2.67, 55.56) meters (local coordinates)
- Region: HKUST_South
- Service Request: ""I need remote surgery equipment control""

=== IMPORTANT ===
The user's Channel Quality Indicator (CQI) is NOT directly provided.
You MUST call the ray_tracing tool with the user's position and region to obtain the CQI value before performing bandwidth and throughput calculations.

=== YOUR TASK ===
1. Call ray_tracing(user_x=-2.67, user_y=55.56, region=""HKUST_South"") to obtain the user's CQI
2. Slice Type: Classify the service as eMBB (high bandwidth) or URLLC (low latency)
3. Bandwidth: Calculate using Proportional Fairness - B = SliceCapacity / (ExistingUsers + 1)
4. Throughput: Calculate using Shannon Formula - T = 10 * B * log10(1 + 10^(CQI/10))

=== CONSTRAINTS ===
- eMBB: Bandwidth range [6-20] MHz
- URLLC: Bandwidth range [1-5] MHz

=== OUTPUT FORMAT ===
CQI: [value from ray_tracing tool]
Slice Type: [eMBB or URLLC]
Bandwidth: [value] MHz
Throughput: [value] Mbps","CQI: 12
Slice Type: URLLC
Bandwidth: 5 MHz
Throughput: 50.0 Mbps","{'slice_type': 'URLLC', 'cqi': 15, 'bandwidth': 5.0, 'throughput': 75.68}",0.705,0.0048797499999999995
"You are a 5G network slicing expert. Your task is to allocate network resources for a new user joining the network.

=== NETWORK STATE ===
- eMBB Slice: 3 active users (Total capacity: 90 MHz)
- URLLC Slice: 4 active users (Total capacity: 30 MHz)

=== NEW USER INFORMATION ===
- User Position: (-204.06, -18.84) meters (local coordinates)
- Region: HKUST_Center
- Service Request: ""I need cloud-based AI image processing""

=== IMPORTANT ===
The user's Channel Quality Indicator (CQI) is NOT directly provided.
You MUST call the ray_tracing tool with the user's position and region to obtain the CQI value before performing bandwidth and throughput calculations.

=== YOUR TASK ===
1. Call ray_tracing(user_x=-204.06, user_y=-18.84, region=""HKUST_Center"") to obtain the user's CQI
2. Slice Type: Classify the service as eMBB (high bandwidth) or URLLC (low latency)
3. Bandwidth: Calculate using Proportional Fairness - B = SliceCapacity / (ExistingUsers + 1)
4. Throughput: Calculate using Shannon Formula - T = 10 * B * log10(1 + 10^(CQI/10))

=== CONSTRAINTS ===
- eMBB: Bandwidth range [6-20] MHz
- URLLC: Bandwidth range [1-5] MHz

=== OUTPUT FORMAT ===
CQI: [value from ray_tracing tool]
Slice Type: [eMBB or URLLC]
Bandwidth: [value] MHz
Throughput: [value] Mbps","CQI: 12
Slice Type: eMBB
Bandwidth: 15 MHz
Throughput: 150 Mbps","{'slice_type': 'eMBB', 'cqi': 15, 'bandwidth': 20.0, 'throughput': 302.7}",0.455,0.00694795
"You are a 5G network slicing expert. Your task is to allocate network resources for a new user joining the network.

=== NETWORK STATE ===
- eMBB Slice: 5 active users (Total capacity: 90 MHz)
- URLLC Slice: 6 active users (Total capacity: 30 MHz)

=== NEW USER INFORMATION ===
- User Position: (-61.69, 5.41) meters (local coordinates)
- Region: HKUST_Center
- Service Request: ""I need early warning system deployment""

=== IMPORTANT ===
The user's Channel Quality Indicator (CQI) is NOT directly provided.
You MUST call the ray_tracing tool with the user's position and region to obtain the CQI value before performing bandwidth and throughput calculations.

=== YOUR TASK ===
1. Call ray_tracing(user_x=-61.69, user_y=5.41, region=""HKUST_Center"") to obtain the user's CQI
2. Slice Type: Classify the service as eMBB (high bandwidth) or URLLC (low latency)
3. Bandwidth: Calculate using Proportional Fairness - B = SliceCapacity / (ExistingUsers + 1)
4. Throughput: Calculate using Shannon Formula - T = 10 * B * log10(1 + 10^(CQI/10))

=== CONSTRAINTS ===
- eMBB: Bandwidth range [6-20] MHz
- URLLC: Bandwidth range [1-5] MHz

=== OUTPUT FORMAT ===
CQI: [value from ray_tracing tool]
Slice Type: [eMBB or URLLC]
Bandwidth: [value] MHz
Throughput: [value] Mbps","CQI: 12
Slice Type: URLLC
Bandwidth: 4 MHz
Throughput: 40 Mbps","{'slice_type': 'URLLC', 'cqi': 15, 'bandwidth': 4.29, 'throughput': 64.93}",0.6525,0.005767099999999999
"You are a 5G network slicing expert. Your task is to allocate network resources for a new user joining the network.

=== NETWORK STATE ===
- eMBB Slice: 6 active users (Total capacity: 90 MHz)
- URLLC Slice: 5 active users (Total capacity: 30 MHz)

=== NEW USER INFORMATION ===
- User Position: (-67.95, -64.78) meters (local coordinates)
- Region: HKUST_South
- Service Request: ""I want to monitor home security cameras""

=== IMPORTANT ===
The user's Channel Quality Indicator (CQI) is NOT directly provided.
You MUST call the ray_tracing tool with the user's position and region to obtain the CQI value before performing bandwidth and throughput calculations.

=== YOUR TASK ===
1. Call ray_tracing(user_x=-67.95, user_y=-64.78, region=""HKUST_South"") to obtain the user's CQI
2. Slice Type: Classify the service as eMBB (high bandwidth) or URLLC (low latency)
3. Bandwidth: Calculate using Proportional Fairness - B = SliceCapacity / (ExistingUsers + 1)
4. Throughput: Calculate using Shannon Formula - T = 10 * B * log10(1 + 10^(CQI/10))

=== CONSTRAINTS ===
- eMBB: Bandwidth range [6-20] MHz
- URLLC: Bandwidth range [1-5] MHz

=== OUTPUT FORMAT ===
CQI: [value from ray_tracing tool]
Slice Type: [eMBB or URLLC]
Bandwidth: [value] MHz
Throughput: [value] Mbps","CQI: 15
Slice Type: eMBB
Bandwidth: 10 MHz
Throughput: 100 Mbps","{'slice_type': 'eMBB', 'cqi': 15, 'bandwidth': 12.86, 'throughput': 194.64}",0.6499999999999999,0.006412399999999999
"You are a 5G network slicing expert. Your task is to allocate network resources for a new user joining the network.

=== NETWORK STATE ===
- eMBB Slice: 4 active users (Total capacity: 90 MHz)
- URLLC Slice: 3 active users (Total capacity: 30 MHz)

=== NEW USER INFORMATION ===
- User Position: (39.4, 59.95) meters (local coordinates)
- Region: HKUST_North
- Service Request: ""I want to download software updates""

=== IMPORTANT ===
The user's Channel Quality Indicator (CQI) is NOT directly provided.
You MUST call the ray_tracing tool with the user's position and region to obtain the CQI value before performing bandwidth and throughput calculations.

=== YOUR TASK ===
1. Call ray_tracing(user_x=39.4, user_y=59.95, region=""HKUST_North"") to obtain the user's CQI
2. Slice Type: Classify the service as eMBB (high bandwidth) or URLLC (low latency)
3. Bandwidth: Calculate using Proportional Fairness - B = SliceCapacity / (ExistingUsers + 1)
4. Throughput: Calculate using Shannon Formula - T = 10 * B * log10(1 + 10^(CQI/10))

=== CONSTRAINTS ===
- eMBB: Bandwidth range [6-20] MHz
- URLLC: Bandwidth range [1-5] MHz

=== OUTPUT FORMAT ===
CQI: [value from ray_tracing tool]
Slice Type: [eMBB or URLLC]
Bandwidth: [value] MHz
Throughput: [value] Mbps","CQI: 12
Slice Type: eMBB
Bandwidth: 15 MHz
Throughput: 75.4 Mbps","{'slice_type': 'eMBB', 'cqi': 15, 'bandwidth': 18.0, 'throughput': 272.43}",0.525,0.00725245
"You are a 5G network slicing expert. Your task is to allocate network resources for a new user joining the network.

=== NETWORK STATE ===
- eMBB Slice: 9 active users (Total capacity: 90 MHz)
- URLLC Slice: 6 active users (Total capacity: 30 MHz)

=== NEW USER INFORMATION ===
- User Position: (168.97, -0.91) meters (local coordinates)
- Region: HKUST_South
- Service Request: ""I need to monitor IoT sensors in real-time""

=== IMPORTANT ===
The user's Channel Quality Indicator (CQI) is NOT directly provided.
You MUST call the ray_tracing tool with the user's position and region to obtain the CQI value before performing bandwidth and throughput calculations.

=== YOUR TASK ===
1. Call ray_tracing(user_x=168.97, user_y=-0.91, region=""HKUST_South"") to obtain the user's CQI
2. Slice Type: Classify the service as eMBB (high bandwidth) or URLLC (low latency)
3. Bandwidth: Calculate using Proportional Fairness - B = SliceCapacity / (ExistingUsers + 1)
4. Throughput: Calculate using Shannon Formula - T = 10 * B * log10(1 + 10^(CQI/10))

=== CONSTRAINTS ===
- eMBB: Bandwidth range [6-20] MHz
- URLLC: Bandwidth range [1-5] MHz

=== OUTPUT FORMAT ===
CQI: [value from ray_tracing tool]
Slice Type: [eMBB or URLLC]
Bandwidth: [value] MHz
Throughput: [value] Mbps","CQI: 22
Slice Type: URLLC
Bandwidth: 5 MHz
Throughput: 100 Mbps","{'slice_type': 'URLLC', 'cqi': 9, 'bandwidth': 4.29, 'throughput': 40.82}",0.495,0.0069853
"You are a 5G network slicing expert. Your task is to allocate network resources for a new user joining the network.

=== NETWORK STATE ===
- eMBB Slice: 7 active users (Total capacity: 90 MHz)
- URLLC Slice: 6 active users (Total capacity: 30 MHz)

=== NEW USER INFORMATION ===
- User Position: (-60.31, 128.92) meters (local coordinates)
- Region: HKUST_Center
- Service Request: ""I want to stream a live sports event""

=== IMPORTANT ===
The user's Channel Quality Indicator (CQI) is NOT directly provided.
You MUST call the ray_tracing tool with the user's position and region to obtain the CQI value before performing bandwidth and throughput calculations.

=== YOUR TASK ===
1. Call ray_tracing(user_x=-60.31, user_y=128.92, region=""HKUST_Center"") to obtain the user's CQI
2. Slice Type: Classify the service as eMBB (high bandwidth) or URLLC (low latency)
3. Bandwidth: Calculate using Proportional Fairness - B = SliceCapacity / (ExistingUsers + 1)
4. Throughput: Calculate using Shannon Formula - T = 10 * B * log10(1 + 10^(CQI/10))

=== CONSTRAINTS ===
- eMBB: Bandwidth range [6-20] MHz
- URLLC: Bandwidth range [1-5] MHz

=== OUTPUT FORMAT ===
CQI: [value from ray_tracing tool]
Slice Type: [eMBB or URLLC]
Bandwidth: [value] MHz
Throughput: [value] Mbps","CQI: 12
Slice Type: eMBB
Bandwidth: 10 MHz
Throughput: 36.8 Mbps","{'slice_type': 'eMBB', 'cqi': 15, 'bandwidth': 11.25, 'throughput': 170.27}",0.525,0.0071755
"You are a 5G network slicing expert. Your task is to allocate network resources for a new user joining the network.

=== NETWORK STATE ===
- eMBB Slice: 12 active users (Total capacity: 90 MHz)
- URLLC Slice: 6 active users (Total capacity: 30 MHz)

=== NEW USER INFORMATION ===
- User Position: (54.67, 151.67) meters (local coordinates)
- Region: HKUST_Center
- Service Request: ""I need high-frequency trading connectivity""

=== IMPORTANT ===
The user's Channel Quality Indicator (CQI) is NOT directly provided.
You MUST call the ray_tracing tool with the user's position and region to obtain the CQI value before performing bandwidth and throughput calculations.

=== YOUR TASK ===
1. Call ray_tracing(user_x=54.67, user_y=151.67, region=""HKUST_Center"") to obtain the user's CQI
2. Slice Type: Classify the service as eMBB (high bandwidth) or URLLC (low latency)
3. Bandwidth: Calculate using Proportional Fairness - B = SliceCapacity / (ExistingUsers + 1)
4. Throughput: Calculate using Shannon Formula - T = 10 * B * log10(1 + 10^(CQI/10))

=== CONSTRAINTS ===
- eMBB: Bandwidth range [6-20] MHz
- URLLC: Bandwidth range [1-5] MHz

=== OUTPUT FORMAT ===
CQI: [value from ray_tracing tool]
Slice Type: [eMBB or URLLC]
Bandwidth: [value] MHz
Throughput: [value] Mbps","CQI: 22
Slice Type: eMBB
Bandwidth: 6 MHz
Throughput: 120.0 Mbps","{'slice_type': 'URLLC', 'cqi': 9, 'bandwidth': 4.29, 'throughput': 40.82}",0.06999999999999999,0.006679349999999999
"You are a 5G network slicing expert. Your task is to allocate network resources for a new user joining the network.

=== NETWORK STATE ===
- eMBB Slice: 6 active users (Total capacity: 90 MHz)
- URLLC Slice: 4 active users (Total capacity: 30 MHz)

=== NEW USER INFORMATION ===
- User Position: (9.92, 33.24) meters (local coordinates)
- Region: HKUST_North
- Service Request: ""I need real-time manufacturing control""

=== IMPORTANT ===
The user's Channel Quality Indicator (CQI) is NOT directly provided.
You MUST call the ray_tracing tool with the user's position and region to obtain the CQI value before performing bandwidth and throughput calculations.

=== YOUR TASK ===
1. Call ray_tracing(user_x=9.92, user_y=33.24, region=""HKUST_North"") to obtain the user's CQI
2. Slice Type: Classify the service as eMBB (high bandwidth) or URLLC (low latency)
3. Bandwidth: Calculate using Proportional Fairness - B = SliceCapacity / (ExistingUsers + 1)
4. Throughput: Calculate using Shannon Formula - T = 10 * B * log10(1 + 10^(CQI/10))

=== CONSTRAINTS ===
- eMBB: Bandwidth range [6-20] MHz
- URLLC: Bandwidth range [1-5] MHz

=== OUTPUT FORMAT ===
CQI: [value from ray_tracing tool]
Slice Type: [eMBB or URLLC]
Bandwidth: [value] MHz
Throughput: [value] Mbps","CQI: 12
Slice Type: URLLC
Bandwidth: 5 MHz
Throughput: 50.0 Mbps","{'slice_type': 'URLLC', 'cqi': 15, 'bandwidth': 5.0, 'throughput': 75.68}",0.705,0.0073279999999999994
"You are a 5G network slicing expert. Your task is to allocate network resources for a new user joining the network.

=== NETWORK STATE ===
- eMBB Slice: 9 active users (Total capacity: 90 MHz)
- URLLC Slice: 7 active users (Total capacity: 30 MHz)

=== NEW USER INFORMATION ===
- User Position: (10.16, 145.36) meters (local coordinates)
- Region: HKUST_Center
- Service Request: ""I want to stream music while browsing social media""

=== IMPORTANT ===
The user's Channel Quality Indicator (CQI) is NOT directly provided.
You MUST call the ray_tracing tool with the user's position and region to obtain the CQI value before performing bandwidth and throughput calculations.

=== YOUR TASK ===
1. Call ray_tracing(user_x=10.16, user_y=145.36, region=""HKUST_Center"") to obtain the user's CQI
2. Slice Type: Classify the service as eMBB (high bandwidth) or URLLC (low latency)
3. Bandwidth: Calculate using Proportional Fairness - B = SliceCapacity / (ExistingUsers + 1)
4. Throughput: Calculate using Shannon Formula - T = 10 * B * log10(1 + 10^(CQI/10))

=== CONSTRAINTS ===
- eMBB: Bandwidth range [6-20] MHz
- URLLC: Bandwidth range [1-5] MHz

=== OUTPUT FORMAT ===
CQI: [value from ray_tracing tool]
Slice Type: [eMBB or URLLC]
Bandwidth: [value] MHz
Throughput: [value] Mbps","CQI: 12
Slice Type: eMBB
Bandwidth: 10 MHz
Throughput: 40.0 Mbps","{'slice_type': 'eMBB', 'cqi': 10, 'bandwidth': 9.0, 'throughput': 93.73}",0.57,0.00721415
"You are a 5G network slicing expert. Your task is to allocate network resources for a new user joining the network.

=== NETWORK STATE ===
- eMBB Slice: 8 active users (Total capacity: 90 MHz)
- URLLC Slice: 9 active users (Total capacity: 30 MHz)

=== NEW USER INFORMATION ===
- User Position: (-221.15, -21.52) meters (local coordinates)
- Region: HKUST_Center
- Service Request: ""I want to use virtual reality gaming""

=== IMPORTANT ===
The user's Channel Quality Indicator (CQI) is NOT directly provided.
You MUST call the ray_tracing tool with the user's position and region to obtain the CQI value before performing bandwidth and throughput calculations.

=== YOUR TASK ===
1. Call ray_tracing(user_x=-221.15, user_y=-21.52, region=""HKUST_Center"") to obtain the user's CQI
2. Slice Type: Classify the service as eMBB (high bandwidth) or URLLC (low latency)
3. Bandwidth: Calculate using Proportional Fairness - B = SliceCapacity / (ExistingUsers + 1)
4. Throughput: Calculate using Shannon Formula - T = 10 * B * log10(1 + 10^(CQI/10))

=== CONSTRAINTS ===
- eMBB: Bandwidth range [6-20] MHz
- URLLC: Bandwidth range [1-5] MHz

=== OUTPUT FORMAT ===
CQI: [value from ray_tracing tool]
Slice Type: [eMBB or URLLC]
Bandwidth: [value] MHz
Throughput: [value] Mbps","CQI: 12
Slice Type: eMBB
Bandwidth: 10 MHz
Throughput: 60 Mbps","{'slice_type': 'eMBB', 'cqi': 15, 'bandwidth': 10.0, 'throughput': 151.35}",0.63,0.00595465
"You are a 5G network slicing expert. Your task is to allocate network resources for a new user joining the network.

=== NETWORK STATE ===
- eMBB Slice: 6 active users (Total capacity: 90 MHz)
- URLLC Slice: 7 active users (Total capacity: 30 MHz)

=== NEW USER INFORMATION ===
- User Position: (-243.29, -36.55) meters (local coordinates)
- Region: HKUST_Center
- Service Request: ""I want to download software updates""

=== IMPORTANT ===
The user's Channel Quality Indicator (CQI) is NOT directly provided.
You MUST call the ray_tracing tool with the user's position and region to obtain the CQI value before performing bandwidth and throughput calculations.

=== YOUR TASK ===
1. Call ray_tracing(user_x=-243.29, user_y=-36.55, region=""HKUST_Center"") to obtain the user's CQI
2. Slice Type: Classify the service as eMBB (high bandwidth) or URLLC (low latency)
3. Bandwidth: Calculate using Proportional Fairness - B = SliceCapacity / (ExistingUsers + 1)
4. Throughput: Calculate using Shannon Formula - T = 10 * B * log10(1 + 10^(CQI/10))

=== CONSTRAINTS ===
- eMBB: Bandwidth range [6-20] MHz
- URLLC: Bandwidth range [1-5] MHz

=== OUTPUT FORMAT ===
CQI: [value from ray_tracing tool]
Slice Type: [eMBB or URLLC]
Bandwidth: [value] MHz
Throughput: [value] Mbps","CQI: 15
Slice Type: eMBB
Bandwidth: 10 MHz
Throughput: 100 Mbps","{'slice_type': 'eMBB', 'cqi': 15, 'bandwidth': 12.86, 'throughput': 194.64}",0.6499999999999999,0.006717249999999999
"You are a 5G network slicing expert. Your task is to allocate network resources for a new user joining the network.

=== NETWORK STATE ===
- eMBB Slice: 2 active users (Total capacity: 90 MHz)
- URLLC Slice: 10 active users (Total capacity: 30 MHz)

=== NEW USER INFORMATION ===
- User Position: (153.29, 118.86) meters (local coordinates)
- Region: HKUST_South
- Service Request: ""I want to watch 4K video streaming""

=== IMPORTANT ===
The user's Channel Quality Indicator (CQI) is NOT directly provided.
You MUST call the ray_tracing tool with the user's position and region to obtain the CQI value before performing bandwidth and throughput calculations.

=== YOUR TASK ===
1. Call ray_tracing(user_x=153.29, user_y=118.86, region=""HKUST_South"") to obtain the user's CQI
2. Slice Type: Classify the service as eMBB (high bandwidth) or URLLC (low latency)
3. Bandwidth: Calculate using Proportional Fairness - B = SliceCapacity / (ExistingUsers + 1)
4. Throughput: Calculate using Shannon Formula - T = 10 * B * log10(1 + 10^(CQI/10))

=== CONSTRAINTS ===
- eMBB: Bandwidth range [6-20] MHz
- URLLC: Bandwidth range [1-5] MHz

=== OUTPUT FORMAT ===
CQI: [value from ray_tracing tool]
Slice Type: [eMBB or URLLC]
Bandwidth: [value] MHz
Throughput: [value] Mbps","CQI: 22
Slice Type: eMBB
Bandwidth: 30 MHz
Throughput: 150.4 Mbps","{'slice_type': 'eMBB', 'cqi': 7, 'bandwidth': 20.0, 'throughput': 155.8}",0.5575,0.0068723
"You are a 5G network slicing expert. Your task is to allocate network resources for a new user joining the network.

=== NETWORK STATE ===
- eMBB Slice: 9 active users (Total capacity: 90 MHz)
- URLLC Slice: 9 active users (Total capacity: 30 MHz)

=== NEW USER INFORMATION ===
- User Position: (17.9, 30.24) meters (local coordinates)
- Region: HKUST_North
- Service Request: ""I need remote surgery equipment control""

=== IMPORTANT ===
The user's Channel Quality Indicator (CQI) is NOT directly provided.
You MUST call the ray_tracing tool with the user's position and region to obtain the CQI value before performing bandwidth and throughput calculations.

=== YOUR TASK ===
1. Call ray_tracing(user_x=17.9, user_y=30.24, region=""HKUST_North"") to obtain the user's CQI
2. Slice Type: Classify the service as eMBB (high bandwidth) or URLLC (low latency)
3. Bandwidth: Calculate using Proportional Fairness - B = SliceCapacity / (ExistingUsers + 1)
4. Throughput: Calculate using Shannon Formula - T = 10 * B * log10(1 + 10^(CQI/10))

=== CONSTRAINTS ===
- eMBB: Bandwidth range [6-20] MHz
- URLLC: Bandwidth range [1-5] MHz

=== OUTPUT FORMAT ===
CQI: [value from ray_tracing tool]
Slice Type: [eMBB or URLLC]
Bandwidth: [value] MHz
Throughput: [value] Mbps","CQI: 12
Slice Type: URLLC
Bandwidth: 3 MHz
Throughput: 45.8 Mbps","{'slice_type': 'URLLC', 'cqi': 15, 'bandwidth': 3.0, 'throughput': 45.41}",0.88,0.008125849999999999
"You are a 5G network slicing expert. Your task is to allocate network resources for a new user joining the network.

=== NETWORK STATE ===
- eMBB Slice: 9 active users (Total capacity: 90 MHz)
- URLLC Slice: 9 active users (Total capacity: 30 MHz)

=== NEW USER INFORMATION ===
- User Position: (65.29, 150.76) meters (local coordinates)
- Region: HKUST_South
- Service Request: ""I want to stream 8K video content""

=== IMPORTANT ===
The user's Channel Quality Indicator (CQI) is NOT directly provided.
You MUST call the ray_tracing tool with the user's position and region to obtain the CQI value before performing bandwidth and throughput calculations.

=== YOUR TASK ===
1. Call ray_tracing(user_x=65.29, user_y=150.76, region=""HKUST_South"") to obtain the user's CQI
2. Slice Type: Classify the service as eMBB (high bandwidth) or URLLC (low latency)
3. Bandwidth: Calculate using Proportional Fairness - B = SliceCapacity / (ExistingUsers + 1)
4. Throughput: Calculate using Shannon Formula - T = 10 * B * log10(1 + 10^(CQI/10))

=== CONSTRAINTS ===
- eMBB: Bandwidth range [6-20] MHz
- URLLC: Bandwidth range [1-5] MHz

=== OUTPUT FORMAT ===
CQI: [value from ray_tracing tool]
Slice Type: [eMBB or URLLC]
Bandwidth: [value] MHz
Throughput: [value] Mbps","CQI: 12  
Slice Type: eMBB  
Bandwidth: 10 MHz  
Throughput: 40 Mbps","{'slice_type': 'eMBB', 'cqi': 15, 'bandwidth': 9.0, 'throughput': 136.22}",0.525,0.008240249999999998
"You are a 5G network slicing expert. Your task is to allocate network resources for a new user joining the network.

=== NETWORK STATE ===
- eMBB Slice: 6 active users (Total capacity: 90 MHz)
- URLLC Slice: 10 active users (Total capacity: 30 MHz)

=== NEW USER INFORMATION ===
- User Position: (5.3, 91.83) meters (local coordinates)
- Region: HKUST_Center
- Service Request: ""I want to use virtual reality gaming""

=== IMPORTANT ===
The user's Channel Quality Indicator (CQI) is NOT directly provided.
You MUST call the ray_tracing tool with the user's position and region to obtain the CQI value before performing bandwidth and throughput calculations.

=== YOUR TASK ===
1. Call ray_tracing(user_x=5.3, user_y=91.83, region=""HKUST_Center"") to obtain the user's CQI
2. Slice Type: Classify the service as eMBB (high bandwidth) or URLLC (low latency)
3. Bandwidth: Calculate using Proportional Fairness - B = SliceCapacity / (ExistingUsers + 1)
4. Throughput: Calculate using Shannon Formula - T = 10 * B * log10(1 + 10^(CQI/10))

=== CONSTRAINTS ===
- eMBB: Bandwidth range [6-20] MHz
- URLLC: Bandwidth range [1-5] MHz

=== OUTPUT FORMAT ===
CQI: [value from ray_tracing tool]
Slice Type: [eMBB or URLLC]
Bandwidth: [value] MHz
Throughput: [value] Mbps","CQI: 22
Slice Type: eMBB
Bandwidth: 12 MHz
Throughput: 144.0 Mbps","{'slice_type': 'eMBB', 'cqi': 13, 'bandwidth': 12.86, 'throughput': 169.91}",0.7224999999999999,0.008355949999999997
"You are a 5G network slicing expert. Your task is to allocate network resources for a new user joining the network.

=== NETWORK STATE ===
- eMBB Slice: 3 active users (Total capacity: 90 MHz)
- URLLC Slice: 9 active users (Total capacity: 30 MHz)

=== NEW USER INFORMATION ===
- User Position: (-30.99, 52.98) meters (local coordinates)
- Region: HKUST_North
- Service Request: ""I need emergency response coordination""

=== IMPORTANT ===
The user's Channel Quality Indicator (CQI) is NOT directly provided.
You MUST call the ray_tracing tool with the user's position and region to obtain the CQI value before performing bandwidth and throughput calculations.

=== YOUR TASK ===
1. Call ray_tracing(user_x=-30.99, user_y=52.98, region=""HKUST_North"") to obtain the user's CQI
2. Slice Type: Classify the service as eMBB (high bandwidth) or URLLC (low latency)
3. Bandwidth: Calculate using Proportional Fairness - B = SliceCapacity / (ExistingUsers + 1)
4. Throughput: Calculate using Shannon Formula - T = 10 * B * log10(1 + 10^(CQI/10))

=== CONSTRAINTS ===
- eMBB: Bandwidth range [6-20] MHz
- URLLC: Bandwidth range [1-5] MHz

=== OUTPUT FORMAT ===
CQI: [value from ray_tracing tool]
Slice Type: [eMBB or URLLC]
Bandwidth: [value] MHz
Throughput: [value] Mbps","CQI: 22
Slice Type: URLLC
Bandwidth: 3 MHz
Throughput: 60 Mbps","{'slice_type': 'URLLC', 'cqi': 15, 'bandwidth': 3.0, 'throughput': 45.41}",0.6749999999999999,0.008392499999999997
"You are a 5G network slicing expert. Your task is to allocate network resources for a new user joining the network.

=== NETWORK STATE ===
- eMBB Slice: 10 active users (Total capacity: 90 MHz)
- URLLC Slice: 6 active users (Total capacity: 30 MHz)

=== NEW USER INFORMATION ===
- User Position: (14.56, 40.01) meters (local coordinates)
- Region: HKUST_North
- Service Request: ""I need cloud-based AI image processing""

=== IMPORTANT ===
The user's Channel Quality Indicator (CQI) is NOT directly provided.
You MUST call the ray_tracing tool with the user's position and region to obtain the CQI value before performing bandwidth and throughput calculations.

=== YOUR TASK ===
1. Call ray_tracing(user_x=14.56, user_y=40.01, region=""HKUST_North"") to obtain the user's CQI
2. Slice Type: Classify the service as eMBB (high bandwidth) or URLLC (low latency)
3. Bandwidth: Calculate using Proportional Fairness - B = SliceCapacity / (ExistingUsers + 1)
4. Throughput: Calculate using Shannon Formula - T = 10 * B * log10(1 + 10^(CQI/10))

=== CONSTRAINTS ===
- eMBB: Bandwidth range [6-20] MHz
- URLLC: Bandwidth range [1-5] MHz

=== OUTPUT FORMAT ===
CQI: [value from ray_tracing tool]
Slice Type: [eMBB or URLLC]
Bandwidth: [value] MHz
Throughput: [value] Mbps","CQI: 12
Slice Type: eMBB
Bandwidth: 8.18 MHz
Throughput: 65.43 Mbps","{'slice_type': 'eMBB', 'cqi': 15, 'bandwidth': 8.18, 'throughput': 123.81}",0.705,0.008928099999999998
"You are a 5G network slicing expert. Your task is to allocate network resources for a new user joining the network.

=== NETWORK STATE ===
- eMBB Slice: 8 active users (Total capacity: 90 MHz)
- URLLC Slice: 5 active users (Total capacity: 30 MHz)

=== NEW USER INFORMATION ===
- User Position: (-19.86, 33.9) meters (local coordinates)
- Region: HKUST_South
- Service Request: ""I need precision CNC machine control""

=== IMPORTANT ===
The user's Channel Quality Indicator (CQI) is NOT directly provided.
You MUST call the ray_tracing tool with the user's position and region to obtain the CQI value before performing bandwidth and throughput calculations.

=== YOUR TASK ===
1. Call ray_tracing(user_x=-19.86, user_y=33.9, region=""HKUST_South"") to obtain the user's CQI
2. Slice Type: Classify the service as eMBB (high bandwidth) or URLLC (low latency)
3. Bandwidth: Calculate using Proportional Fairness - B = SliceCapacity / (ExistingUsers + 1)
4. Throughput: Calculate using Shannon Formula - T = 10 * B * log10(1 + 10^(CQI/10))

=== CONSTRAINTS ===
- eMBB: Bandwidth range [6-20] MHz
- URLLC: Bandwidth range [1-5] MHz

=== OUTPUT FORMAT ===
CQI: [value from ray_tracing tool]
Slice Type: [eMBB or URLLC]
Bandwidth: [value] MHz
Throughput: [value] Mbps","CQI: 24
Slice Type: URLLC
Bandwidth: 5 MHz
Throughput: 100 Mbps","{'slice_type': 'URLLC', 'cqi': 15, 'bandwidth': 5.0, 'throughput': 75.68}",0.6749999999999999,0.00797395
"You are a 5G network slicing expert. Your task is to allocate network resources for a new user joining the network.

=== NETWORK STATE ===
- eMBB Slice: 6 active users (Total capacity: 90 MHz)
- URLLC Slice: 8 active users (Total capacity: 30 MHz)

=== NEW USER INFORMATION ===
- User Position: (31.38, 123.68) meters (local coordinates)
- Region: HKUST_Center
- Service Request: ""I want to download software updates""

=== IMPORTANT ===
The user's Channel Quality Indicator (CQI) is NOT directly provided.
You MUST call the ray_tracing tool with the user's position and region to obtain the CQI value before performing bandwidth and throughput calculations.

=== YOUR TASK ===
1. Call ray_tracing(user_x=31.38, user_y=123.68, region=""HKUST_Center"") to obtain the user's CQI
2. Slice Type: Classify the service as eMBB (high bandwidth) or URLLC (low latency)
3. Bandwidth: Calculate using Proportional Fairness - B = SliceCapacity / (ExistingUsers + 1)
4. Throughput: Calculate using Shannon Formula - T = 10 * B * log10(1 + 10^(CQI/10))

=== CONSTRAINTS ===
- eMBB: Bandwidth range [6-20] MHz
- URLLC: Bandwidth range [1-5] MHz

=== OUTPUT FORMAT ===
CQI: [value from ray_tracing tool]
Slice Type: [eMBB or URLLC]
Bandwidth: [value] MHz
Throughput: [value] Mbps","CQI: 12
Slice Type: eMBB
Bandwidth: 10 MHz
Throughput: 40 Mbps","{'slice_type': 'eMBB', 'cqi': 11, 'bandwidth': 12.86, 'throughput': 145.73}",0.5449999999999999,0.00782155
"You are a 5G network slicing expert. Your task is to allocate network resources for a new user joining the network.

=== NETWORK STATE ===
- eMBB Slice: 6 active users (Total capacity: 90 MHz)
- URLLC Slice: 9 active users (Total capacity: 30 MHz)

=== NEW USER INFORMATION ===
- User Position: (-168.16, -54.2) meters (local coordinates)
- Region: HKUST_Center
- Service Request: ""I need emergency machine shutdown capability""

=== IMPORTANT ===
The user's Channel Quality Indicator (CQI) is NOT directly provided.
You MUST call the ray_tracing tool with the user's position and region to obtain the CQI value before performing bandwidth and throughput calculations.

=== YOUR TASK ===
1. Call ray_tracing(user_x=-168.16, user_y=-54.2, region=""HKUST_Center"") to obtain the user's CQI
2. Slice Type: Classify the service as eMBB (high bandwidth) or URLLC (low latency)
3. Bandwidth: Calculate using Proportional Fairness - B = SliceCapacity / (ExistingUsers + 1)
4. Throughput: Calculate using Shannon Formula - T = 10 * B * log10(1 + 10^(CQI/10))

=== CONSTRAINTS ===
- eMBB: Bandwidth range [6-20] MHz
- URLLC: Bandwidth range [1-5] MHz

=== OUTPUT FORMAT ===
CQI: [value from ray_tracing tool]
Slice Type: [eMBB or URLLC]
Bandwidth: [value] MHz
Throughput: [value] Mbps","CQI: 12
Slice Type: URLLC
Bandwidth: 3 MHz
Throughput: 30 Mbps","{'slice_type': 'URLLC', 'cqi': 15, 'bandwidth': 3.0, 'throughput': 45.41}",0.705,0.008812999999999998
"You are a 5G network slicing expert. Your task is to allocate network resources for a new user joining the network.

=== NETWORK STATE ===
- eMBB Slice: 5 active users (Total capacity: 90 MHz)
- URLLC Slice: 8 active users (Total capacity: 30 MHz)

=== NEW USER INFORMATION ===
- User Position: (48.82, 124.83) meters (local coordinates)
- Region: HKUST_Center
- Service Request: ""I want to download software updates""

=== IMPORTANT ===
The user's Channel Quality Indicator (CQI) is NOT directly provided.
You MUST call the ray_tracing tool with the user's position and region to obtain the CQI value before performing bandwidth and throughput calculations.

=== YOUR TASK ===
1. Call ray_tracing(user_x=48.82, user_y=124.83, region=""HKUST_Center"") to obtain the user's CQI
2. Slice Type: Classify the service as eMBB (high bandwidth) or URLLC (low latency)
3. Bandwidth: Calculate using Proportional Fairness - B = SliceCapacity / (ExistingUsers + 1)
4. Throughput: Calculate using Shannon Formula - T = 10 * B * log10(1 + 10^(CQI/10))

=== CONSTRAINTS ===
- eMBB: Bandwidth range [6-20] MHz
- URLLC: Bandwidth range [1-5] MHz

=== OUTPUT FORMAT ===
CQI: [value from ray_tracing tool]
Slice Type: [eMBB or URLLC]
Bandwidth: [value] MHz
Throughput: [value] Mbps","CQI: 12
Slice Type: eMBB
Bandwidth: 15 MHz
Throughput: 150 Mbps","{'slice_type': 'eMBB', 'cqi': 10, 'bandwidth': 15.0, 'throughput': 156.21}",0.9125000000000001,0.007708899999999999
"You are a 5G network slicing expert. Your task is to allocate network resources for a new user joining the network.

=== NETWORK STATE ===
- eMBB Slice: 8 active users (Total capacity: 90 MHz)
- URLLC Slice: 8 active users (Total capacity: 30 MHz)

=== NEW USER INFORMATION ===
- User Position: (-75.62, 93.95) meters (local coordinates)
- Region: HKUST_South
- Service Request: ""I need high-frequency trading connectivity""

=== IMPORTANT ===
The user's Channel Quality Indicator (CQI) is NOT directly provided.
You MUST call the ray_tracing tool with the user's position and region to obtain the CQI value before performing bandwidth and throughput calculations.

=== YOUR TASK ===
1. Call ray_tracing(user_x=-75.62, user_y=93.95, region=""HKUST_South"") to obtain the user's CQI
2. Slice Type: Classify the service as eMBB (high bandwidth) or URLLC (low latency)
3. Bandwidth: Calculate using Proportional Fairness - B = SliceCapacity / (ExistingUsers + 1)
4. Throughput: Calculate using Shannon Formula - T = 10 * B * log10(1 + 10^(CQI/10))

=== CONSTRAINTS ===
- eMBB: Bandwidth range [6-20] MHz
- URLLC: Bandwidth range [1-5] MHz

=== OUTPUT FORMAT ===
CQI: [value from ray_tracing tool]
Slice Type: [eMBB or URLLC]
Bandwidth: [value] MHz
Throughput: [value] Mbps","CQI: 22
Slice Type: eMBB
Bandwidth: 10 MHz
Throughput: 120.4 Mbps","{'slice_type': 'URLLC', 'cqi': 11, 'bandwidth': 3.33, 'throughput': 37.74}",0.06999999999999999,0.00873975
"You are a 5G network slicing expert. Your task is to allocate network resources for a new user joining the network.

=== NETWORK STATE ===
- eMBB Slice: 2 active users (Total capacity: 90 MHz)
- URLLC Slice: 4 active users (Total capacity: 30 MHz)

=== NEW USER INFORMATION ===
- User Position: (64.46, 47.55) meters (local coordinates)
- Region: HKUST_Center
- Service Request: ""I need real-time patient vital signs monitoring""

=== IMPORTANT ===
The user's Channel Quality Indicator (CQI) is NOT directly provided.
You MUST call the ray_tracing tool with the user's position and region to obtain the CQI value before performing bandwidth and throughput calculations.

=== YOUR TASK ===
1. Call ray_tracing(user_x=64.46, user_y=47.55, region=""HKUST_Center"") to obtain the user's CQI
2. Slice Type: Classify the service as eMBB (high bandwidth) or URLLC (low latency)
3. Bandwidth: Calculate using Proportional Fairness - B = SliceCapacity / (ExistingUsers + 1)
4. Throughput: Calculate using Shannon Formula - T = 10 * B * log10(1 + 10^(CQI/10))

=== CONSTRAINTS ===
- eMBB: Bandwidth range [6-20] MHz
- URLLC: Bandwidth range [1-5] MHz

=== OUTPUT FORMAT ===
CQI: [value from ray_tracing tool]
Slice Type: [eMBB or URLLC]
Bandwidth: [value] MHz
Throughput: [value] Mbps","CQI: 12  
Slice Type: URLLC  
Bandwidth: 5 MHz  
Throughput: 50.0 Mbps","{'slice_type': 'URLLC', 'cqi': 14, 'bandwidth': 5.0, 'throughput': 70.85}",0.8,0.00785945
"You are a 5G network slicing expert. Your task is to allocate network resources for a new user joining the network.

=== NETWORK STATE ===
- eMBB Slice: 9 active users (Total capacity: 90 MHz)
- URLLC Slice: 3 active users (Total capacity: 30 MHz)

=== NEW USER INFORMATION ===
- User Position: (154.62, 134.15) meters (local coordinates)
- Region: HKUST_South
- Service Request: ""I need emergency machine shutdown capability""

=== IMPORTANT ===
The user's Channel Quality Indicator (CQI) is NOT directly provided.
You MUST call the ray_tracing tool with the user's position and region to obtain the CQI value before performing bandwidth and throughput calculations.

=== YOUR TASK ===
1. Call ray_tracing(user_x=154.62, user_y=134.15, region=""HKUST_South"") to obtain the user's CQI
2. Slice Type: Classify the service as eMBB (high bandwidth) or URLLC (low latency)
3. Bandwidth: Calculate using Proportional Fairness - B = SliceCapacity / (ExistingUsers + 1)
4. Throughput: Calculate using Shannon Formula - T = 10 * B * log10(1 + 10^(CQI/10))

=== CONSTRAINTS ===
- eMBB: Bandwidth range [6-20] MHz
- URLLC: Bandwidth range [1-5] MHz

=== OUTPUT FORMAT ===
CQI: [value from ray_tracing tool]
Slice Type: [eMBB or URLLC]
Bandwidth: [value] MHz
Throughput: [value] Mbps","CQI: 22
Slice Type: URLLC
Bandwidth: 5 MHz
Throughput: 50.0 Mbps","{'slice_type': 'URLLC', 'cqi': 7, 'bandwidth': 5.0, 'throughput': 38.95}",0.725,0.007671
"You are a 5G network slicing expert. Your task is to allocate network resources for a new user joining the network.

=== NETWORK STATE ===
- eMBB Slice: 12 active users (Total capacity: 90 MHz)
- URLLC Slice: 4 active users (Total capacity: 30 MHz)

=== NEW USER INFORMATION ===
- User Position: (51.85, 8.13) meters (local coordinates)
- Region: HKUST_North
- Service Request: ""I want to download software updates""

=== IMPORTANT ===
The user's Channel Quality Indicator (CQI) is NOT directly provided.
You MUST call the ray_tracing tool with the user's position and region to obtain the CQI value before performing bandwidth and throughput calculations.

=== YOUR TASK ===
1. Call ray_tracing(user_x=51.85, user_y=8.13, region=""HKUST_North"") to obtain the user's CQI
2. Slice Type: Classify the service as eMBB (high bandwidth) or URLLC (low latency)
3. Bandwidth: Calculate using Proportional Fairness - B = SliceCapacity / (ExistingUsers + 1)
4. Throughput: Calculate using Shannon Formula - T = 10 * B * log10(1 + 10^(CQI/10))

=== CONSTRAINTS ===
- eMBB: Bandwidth range [6-20] MHz
- URLLC: Bandwidth range [1-5] MHz

=== OUTPUT FORMAT ===
CQI: [value from ray_tracing tool]
Slice Type: [eMBB or URLLC]
Bandwidth: [value] MHz
Throughput: [value] Mbps","CQI: 12
Slice Type: eMBB
Bandwidth: 6.43 MHz
Throughput: 48.2 Mbps","{'slice_type': 'eMBB', 'cqi': 15, 'bandwidth': 6.92, 'throughput': 104.74}",0.5775,0.008051299999999999
"You are a 5G network slicing expert. Your task is to allocate network resources for a new user joining the network.

=== NETWORK STATE ===
- eMBB Slice: 12 active users (Total capacity: 90 MHz)
- URLLC Slice: 3 active users (Total capacity: 30 MHz)

=== NEW USER INFORMATION ===
- User Position: (6.58, 77.81) meters (local coordinates)
- Region: HKUST_South
- Service Request: ""I need real-time fraud detection""

=== IMPORTANT ===
The user's Channel Quality Indicator (CQI) is NOT directly provided.
You MUST call the ray_tracing tool with the user's position and region to obtain the CQI value before performing bandwidth and throughput calculations.

=== YOUR TASK ===
1. Call ray_tracing(user_x=6.58, user_y=77.81, region=""HKUST_South"") to obtain the user's CQI
2. Slice Type: Classify the service as eMBB (high bandwidth) or URLLC (low latency)
3. Bandwidth: Calculate using Proportional Fairness - B = SliceCapacity / (ExistingUsers + 1)
4. Throughput: Calculate using Shannon Formula - T = 10 * B * log10(1 + 10^(CQI/10))

=== CONSTRAINTS ===
- eMBB: Bandwidth range [6-20] MHz
- URLLC: Bandwidth range [1-5] MHz

=== OUTPUT FORMAT ===
CQI: [value from ray_tracing tool]
Slice Type: [eMBB or URLLC]
Bandwidth: [value] MHz
Throughput: [value] Mbps","CQI: 22
Slice Type: URLLC
Bandwidth: 5 MHz
Throughput: 50.0 Mbps","{'slice_type': 'URLLC', 'cqi': 15, 'bandwidth': 5.0, 'throughput': 75.68}",0.6749999999999999,0.009003899999999997
"You are a 5G network slicing expert. Your task is to allocate network resources for a new user joining the network.

=== NETWORK STATE ===
- eMBB Slice: 9 active users (Total capacity: 90 MHz)
- URLLC Slice: 10 active users (Total capacity: 30 MHz)

=== NEW USER INFORMATION ===
- User Position: (-152.03, 93.67) meters (local coordinates)
- Region: HKUST_Center
- Service Request: ""I need to participate in a video conference""

=== IMPORTANT ===
The user's Channel Quality Indicator (CQI) is NOT directly provided.
You MUST call the ray_tracing tool with the user's position and region to obtain the CQI value before performing bandwidth and throughput calculations.

=== YOUR TASK ===
1. Call ray_tracing(user_x=-152.03, user_y=93.67, region=""HKUST_Center"") to obtain the user's CQI
2. Slice Type: Classify the service as eMBB (high bandwidth) or URLLC (low latency)
3. Bandwidth: Calculate using Proportional Fairness - B = SliceCapacity / (ExistingUsers + 1)
4. Throughput: Calculate using Shannon Formula - T = 10 * B * log10(1 + 10^(CQI/10))

=== CONSTRAINTS ===
- eMBB: Bandwidth range [6-20] MHz
- URLLC: Bandwidth range [1-5] MHz

=== OUTPUT FORMAT ===
CQI: [value from ray_tracing tool]
Slice Type: [eMBB or URLLC]
Bandwidth: [value] MHz
Throughput: [value] Mbps","CQI: 22
Slice Type: eMBB
Bandwidth: 10 MHz
Throughput: 60.0 Mbps","{'slice_type': 'eMBB', 'cqi': 8, 'bandwidth': 9.0, 'throughput': 77.75}",0.62,0.009309199999999997
"You are a 5G network slicing expert. Your task is to allocate network resources for a new user joining the network.

=== NETWORK STATE ===
- eMBB Slice: 5 active users (Total capacity: 90 MHz)
- URLLC Slice: 3 active users (Total capacity: 30 MHz)

=== NEW USER INFORMATION ===
- User Position: (36.66, 61.25) meters (local coordinates)
- Region: HKUST_North
- Service Request: ""I need to participate in a video conference""

=== IMPORTANT ===
The user's Channel Quality Indicator (CQI) is NOT directly provided.
You MUST call the ray_tracing tool with the user's position and region to obtain the CQI value before performing bandwidth and throughput calculations.

=== YOUR TASK ===
1. Call ray_tracing(user_x=36.66, user_y=61.25, region=""HKUST_North"") to obtain the user's CQI
2. Slice Type: Classify the service as eMBB (high bandwidth) or URLLC (low latency)
3. Bandwidth: Calculate using Proportional Fairness - B = SliceCapacity / (ExistingUsers + 1)
4. Throughput: Calculate using Shannon Formula - T = 10 * B * log10(1 + 10^(CQI/10))

=== CONSTRAINTS ===
- eMBB: Bandwidth range [6-20] MHz
- URLLC: Bandwidth range [1-5] MHz

=== OUTPUT FORMAT ===
CQI: [value from ray_tracing tool]
Slice Type: [eMBB or URLLC]
Bandwidth: [value] MHz
Throughput: [value] Mbps","CQI: 12
Slice Type: eMBB
Bandwidth: 15 MHz
Throughput: 75.0 Mbps","{'slice_type': 'eMBB', 'cqi': 15, 'bandwidth': 15.0, 'throughput': 227.03}",0.63,0.009543599999999998
"You are a 5G network slicing expert. Your task is to allocate network resources for a new user joining the network.

=== NETWORK STATE ===
- eMBB Slice: 4 active users (Total capacity: 90 MHz)
- URLLC Slice: 6 active users (Total capacity: 30 MHz)

=== NEW USER INFORMATION ===
- User Position: (-25.81, -33.98) meters (local coordinates)
- Region: HKUST_Center
- Service Request: ""I need to control a robotic arm in real time""

=== IMPORTANT ===
The user's Channel Quality Indicator (CQI) is NOT directly provided.
You MUST call the ray_tracing tool with the user's position and region to obtain the CQI value before performing bandwidth and throughput calculations.

=== YOUR TASK ===
1. Call ray_tracing(user_x=-25.81, user_y=-33.98, region=""HKUST_Center"") to obtain the user's CQI
2. Slice Type: Classify the service as eMBB (high bandwidth) or URLLC (low latency)
3. Bandwidth: Calculate using Proportional Fairness - B = SliceCapacity / (ExistingUsers + 1)
4. Throughput: Calculate using Shannon Formula - T = 10 * B * log10(1 + 10^(CQI/10))

=== CONSTRAINTS ===
- eMBB: Bandwidth range [6-20] MHz
- URLLC: Bandwidth range [1-5] MHz

=== OUTPUT FORMAT ===
CQI: [value from ray_tracing tool]
Slice Type: [eMBB or URLLC]
Bandwidth: [value] MHz
Throughput: [value] Mbps","CQI: 22
Slice Type: URLLC
Bandwidth: 4 MHz
Throughput: 80 Mbps","{'slice_type': 'URLLC', 'cqi': 15, 'bandwidth': 4.29, 'throughput': 64.93}",0.6725,0.009270549999999997
"You are a 5G network slicing expert. Your task is to allocate network resources for a new user joining the network.

=== NETWORK STATE ===
- eMBB Slice: 7 active users (Total capacity: 90 MHz)
- URLLC Slice: 8 active users (Total capacity: 30 MHz)

=== NEW USER INFORMATION ===
- User Position: (134.12, -46.17) meters (local coordinates)
- Region: HKUST_South
- Service Request: ""I want to monitor home security cameras""

=== IMPORTANT ===
The user's Channel Quality Indicator (CQI) is NOT directly provided.
You MUST call the ray_tracing tool with the user's position and region to obtain the CQI value before performing bandwidth and throughput calculations.

=== YOUR TASK ===
1. Call ray_tracing(user_x=134.12, user_y=-46.17, region=""HKUST_South"") to obtain the user's CQI
2. Slice Type: Classify the service as eMBB (high bandwidth) or URLLC (low latency)
3. Bandwidth: Calculate using Proportional Fairness - B = SliceCapacity / (ExistingUsers + 1)
4. Throughput: Calculate using Shannon Formula - T = 10 * B * log10(1 + 10^(CQI/10))

=== CONSTRAINTS ===
- eMBB: Bandwidth range [6-20] MHz
- URLLC: Bandwidth range [1-5] MHz

=== OUTPUT FORMAT ===
CQI: [value from ray_tracing tool]
Slice Type: [eMBB or URLLC]
Bandwidth: [value] MHz
Throughput: [value] Mbps","CQI: 12
Slice Type: eMBB
Bandwidth: 10 MHz
Throughput: 40 Mbps","{'slice_type': 'eMBB', 'cqi': 15, 'bandwidth': 11.25, 'throughput': 170.27}",0.525,0.0042302
"You are a 5G network slicing expert. Your task is to allocate network resources for a new user joining the network.

=== NETWORK STATE ===
- eMBB Slice: 4 active users (Total capacity: 90 MHz)
- URLLC Slice: 4 active users (Total capacity: 30 MHz)

=== NEW USER INFORMATION ===
- User Position: (69.95, 108.8) meters (local coordinates)
- Region: HKUST_South
- Service Request: ""I need video analytics services""

=== IMPORTANT ===
The user's Channel Quality Indicator (CQI) is NOT directly provided.
You MUST call the ray_tracing tool with the user's position and region to obtain the CQI value before performing bandwidth and throughput calculations.

=== YOUR TASK ===
1. Call ray_tracing(user_x=69.95, user_y=108.8, region=""HKUST_South"") to obtain the user's CQI
2. Slice Type: Classify the service as eMBB (high bandwidth) or URLLC (low latency)
3. Bandwidth: Calculate using Proportional Fairness - B = SliceCapacity / (ExistingUsers + 1)
4. Throughput: Calculate using Shannon Formula - T = 10 * B * log10(1 + 10^(CQI/10))

=== CONSTRAINTS ===
- eMBB: Bandwidth range [6-20] MHz
- URLLC: Bandwidth range [1-5] MHz

=== OUTPUT FORMAT ===
CQI: [value from ray_tracing tool]
Slice Type: [eMBB or URLLC]
Bandwidth: [value] MHz
Throughput: [value] Mbps","CQI: 12
Slice Type: eMBB
Bandwidth: 15 MHz
Throughput: 120 Mbps","{'slice_type': 'eMBB', 'cqi': 15, 'bandwidth': 18.0, 'throughput': 272.43}",0.525,0.005540549999999999
"You are a 5G network slicing expert. Your task is to allocate network resources for a new user joining the network.

=== NETWORK STATE ===
- eMBB Slice: 11 active users (Total capacity: 90 MHz)
- URLLC Slice: 4 active users (Total capacity: 30 MHz)

=== NEW USER INFORMATION ===
- User Position: (84.94, -62.48) meters (local coordinates)
- Region: HKUST_South
- Service Request: ""I want to stream 8K video content""

=== IMPORTANT ===
The user's Channel Quality Indicator (CQI) is NOT directly provided.
You MUST call the ray_tracing tool with the user's position and region to obtain the CQI value before performing bandwidth and throughput calculations.

=== YOUR TASK ===
1. Call ray_tracing(user_x=84.94, user_y=-62.48, region=""HKUST_South"") to obtain the user's CQI
2. Slice Type: Classify the service as eMBB (high bandwidth) or URLLC (low latency)
3. Bandwidth: Calculate using Proportional Fairness - B = SliceCapacity / (ExistingUsers + 1)
4. Throughput: Calculate using Shannon Formula - T = 10 * B * log10(1 + 10^(CQI/10))

=== CONSTRAINTS ===
- eMBB: Bandwidth range [6-20] MHz
- URLLC: Bandwidth range [1-5] MHz

=== OUTPUT FORMAT ===
CQI: [value from ray_tracing tool]
Slice Type: [eMBB or URLLC]
Bandwidth: [value] MHz
Throughput: [value] Mbps","CQI: 22
Slice Type: eMBB
Bandwidth: 8.18 MHz
Throughput: 163.6 Mbps","{'slice_type': 'eMBB', 'cqi': 15, 'bandwidth': 7.5, 'throughput': 113.51}",0.6224999999999999,0.006298249999999999
"You are a 5G network slicing expert. Your task is to allocate network resources for a new user joining the network.

=== NETWORK STATE ===
- eMBB Slice: 9 active users (Total capacity: 90 MHz)
- URLLC Slice: 6 active users (Total capacity: 30 MHz)

=== NEW USER INFORMATION ===
- User Position: (40.31, 69.78) meters (local coordinates)
- Region: HKUST_South
- Service Request: ""I want to play competitive online gaming""

=== IMPORTANT ===
The user's Channel Quality Indicator (CQI) is NOT directly provided.
You MUST call the ray_tracing tool with the user's position and region to obtain the CQI value before performing bandwidth and throughput calculations.

=== YOUR TASK ===
1. Call ray_tracing(user_x=40.31, user_y=69.78, region=""HKUST_South"") to obtain the user's CQI
2. Slice Type: Classify the service as eMBB (high bandwidth) or URLLC (low latency)
3. Bandwidth: Calculate using Proportional Fairness - B = SliceCapacity / (ExistingUsers + 1)
4. Throughput: Calculate using Shannon Formula - T = 10 * B * log10(1 + 10^(CQI/10))

=== CONSTRAINTS ===
- eMBB: Bandwidth range [6-20] MHz
- URLLC: Bandwidth range [1-5] MHz

=== OUTPUT FORMAT ===
CQI: [value from ray_tracing tool]
Slice Type: [eMBB or URLLC]
Bandwidth: [value] MHz
Throughput: [value] Mbps","CQI: 12
Slice Type: URLLC
Bandwidth: 5 MHz
Throughput: 80.0 Mbps","{'slice_type': 'URLLC', 'cqi': 15, 'bandwidth': 4.29, 'throughput': 64.93}",0.65,0.005730599999999999
"You are a 5G network slicing expert. Your task is to allocate network resources for a new user joining the network.

=== NETWORK STATE ===
- eMBB Slice: 11 active users (Total capacity: 90 MHz)
- URLLC Slice: 6 active users (Total capacity: 30 MHz)

=== NEW USER INFORMATION ===
- User Position: (5.13, 1.43) meters (local coordinates)
- Region: HKUST_North
- Service Request: ""I need real-time manufacturing control""

=== IMPORTANT ===
The user's Channel Quality Indicator (CQI) is NOT directly provided.
You MUST call the ray_tracing tool with the user's position and region to obtain the CQI value before performing bandwidth and throughput calculations.

=== YOUR TASK ===
1. Call ray_tracing(user_x=5.13, user_y=1.43, region=""HKUST_North"") to obtain the user's CQI
2. Slice Type: Classify the service as eMBB (high bandwidth) or URLLC (low latency)
3. Bandwidth: Calculate using Proportional Fairness - B = SliceCapacity / (ExistingUsers + 1)
4. Throughput: Calculate using Shannon Formula - T = 10 * B * log10(1 + 10^(CQI/10))

=== CONSTRAINTS ===
- eMBB: Bandwidth range [6-20] MHz
- URLLC: Bandwidth range [1-5] MHz

=== OUTPUT FORMAT ===
CQI: [value from ray_tracing tool]
Slice Type: [eMBB or URLLC]
Bandwidth: [value] MHz
Throughput: [value] Mbps","CQI: 12
Slice Type: URLLC
Bandwidth: 4 MHz
Throughput: 40 Mbps","{'slice_type': 'URLLC', 'cqi': 15, 'bandwidth': 4.29, 'throughput': 64.93}",0.6525,0.0059172999999999995
"You are a 5G network slicing expert. Your task is to allocate network resources for a new user joining the network.

=== NETWORK STATE ===
- eMBB Slice: 5 active users (Total capacity: 90 MHz)
- URLLC Slice: 8 active users (Total capacity: 30 MHz)

=== NEW USER INFORMATION ===
- User Position: (-173.73, 119.81) meters (local coordinates)
- Region: HKUST_Center
- Service Request: ""I need autonomous vehicle communication""

=== IMPORTANT ===
The user's Channel Quality Indicator (CQI) is NOT directly provided.
You MUST call the ray_tracing tool with the user's position and region to obtain the CQI value before performing bandwidth and throughput calculations.

=== YOUR TASK ===
1. Call ray_tracing(user_x=-173.73, user_y=119.81, region=""HKUST_Center"") to obtain the user's CQI
2. Slice Type: Classify the service as eMBB (high bandwidth) or URLLC (low latency)
3. Bandwidth: Calculate using Proportional Fairness - B = SliceCapacity / (ExistingUsers + 1)
4. Throughput: Calculate using Shannon Formula - T = 10 * B * log10(1 + 10^(CQI/10))

=== CONSTRAINTS ===
- eMBB: Bandwidth range [6-20] MHz
- URLLC: Bandwidth range [1-5] MHz

=== OUTPUT FORMAT ===
CQI: [value from ray_tracing tool]
Slice Type: [eMBB or URLLC]
Bandwidth: [value] MHz
Throughput: [value] Mbps","CQI: 12
Slice Type: URLLC
Bandwidth: 3 MHz
Throughput: 30 Mbps","{'slice_type': 'URLLC', 'cqi': 7, 'bandwidth': 3.33, 'throughput': 25.94}",0.7224999999999999,0.005842749999999999
"You are a 5G network slicing expert. Your task is to allocate network resources for a new user joining the network.

=== NETWORK STATE ===
- eMBB Slice: 6 active users (Total capacity: 90 MHz)
- URLLC Slice: 6 active users (Total capacity: 30 MHz)

=== NEW USER INFORMATION ===
- User Position: (-4.91, 2.82) meters (local coordinates)
- Region: HKUST_North
- Service Request: ""I need video analytics services""

=== IMPORTANT ===
The user's Channel Quality Indicator (CQI) is NOT directly provided.
You MUST call the ray_tracing tool with the user's position and region to obtain the CQI value before performing bandwidth and throughput calculations.

=== YOUR TASK ===
1. Call ray_tracing(user_x=-4.91, user_y=2.82, region=""HKUST_North"") to obtain the user's CQI
2. Slice Type: Classify the service as eMBB (high bandwidth) or URLLC (low latency)
3. Bandwidth: Calculate using Proportional Fairness - B = SliceCapacity / (ExistingUsers + 1)
4. Throughput: Calculate using Shannon Formula - T = 10 * B * log10(1 + 10^(CQI/10))

=== CONSTRAINTS ===
- eMBB: Bandwidth range [6-20] MHz
- URLLC: Bandwidth range [1-5] MHz

=== OUTPUT FORMAT ===
CQI: [value from ray_tracing tool]
Slice Type: [eMBB or URLLC]
Bandwidth: [value] MHz
Throughput: [value] Mbps","CQI: 12
Slice Type: eMBB
Bandwidth: 10 MHz
Throughput: 40 Mbps","{'slice_type': 'eMBB', 'cqi': 15, 'bandwidth': 12.86, 'throughput': 194.64}",0.455,0.006220099999999999
"You are a 5G network slicing expert. Your task is to allocate network resources for a new user joining the network.

=== NETWORK STATE ===
- eMBB Slice: 12 active users (Total capacity: 90 MHz)
- URLLC Slice: 2 active users (Total capacity: 30 MHz)

=== NEW USER INFORMATION ===
- User Position: (-126.23, -53.06) meters (local coordinates)
- Region: HKUST_Center
- Service Request: ""I need early warning system deployment""

=== IMPORTANT ===
The user's Channel Quality Indicator (CQI) is NOT directly provided.
You MUST call the ray_tracing tool with the user's position and region to obtain the CQI value before performing bandwidth and throughput calculations.

=== YOUR TASK ===
1. Call ray_tracing(user_x=-126.23, user_y=-53.06, region=""HKUST_Center"") to obtain the user's CQI
2. Slice Type: Classify the service as eMBB (high bandwidth) or URLLC (low latency)
3. Bandwidth: Calculate using Proportional Fairness - B = SliceCapacity / (ExistingUsers + 1)
4. Throughput: Calculate using Shannon Formula - T = 10 * B * log10(1 + 10^(CQI/10))

=== CONSTRAINTS ===
- eMBB: Bandwidth range [6-20] MHz
- URLLC: Bandwidth range [1-5] MHz

=== OUTPUT FORMAT ===
CQI: [value from ray_tracing tool]
Slice Type: [eMBB or URLLC]
Bandwidth: [value] MHz
Throughput: [value] Mbps","CQI: 12
Slice Type: URLLC
Bandwidth: 5 MHz
Throughput: 50.0 Mbps","{'slice_type': 'URLLC', 'cqi': 15, 'bandwidth': 5.0, 'throughput': 75.68}",0.705,0.0075585
"You are a 5G network slicing expert. Your task is to allocate network resources for a new user joining the network.

=== NETWORK STATE ===
- eMBB Slice: 5 active users (Total capacity: 90 MHz)
- URLLC Slice: 7 active users (Total capacity: 30 MHz)

=== NEW USER INFORMATION ===
- User Position: (144.35, 143.08) meters (local coordinates)
- Region: HKUST_South
- Service Request: ""I want to stream a live sports event""

=== IMPORTANT ===
The user's Channel Quality Indicator (CQI) is NOT directly provided.
You MUST call the ray_tracing tool with the user's position and region to obtain the CQI value before performing bandwidth and throughput calculations.

=== YOUR TASK ===
1. Call ray_tracing(user_x=144.35, user_y=143.08, region=""HKUST_South"") to obtain the user's CQI
2. Slice Type: Classify the service as eMBB (high bandwidth) or URLLC (low latency)
3. Bandwidth: Calculate using Proportional Fairness - B = SliceCapacity / (ExistingUsers + 1)
4. Throughput: Calculate using Shannon Formula - T = 10 * B * log10(1 + 10^(CQI/10))

=== CONSTRAINTS ===
- eMBB: Bandwidth range [6-20] MHz
- URLLC: Bandwidth range [1-5] MHz

=== OUTPUT FORMAT ===
CQI: [value from ray_tracing tool]
Slice Type: [eMBB or URLLC]
Bandwidth: [value] MHz
Throughput: [value] Mbps","CQI: 12
Slice Type: eMBB
Bandwidth: 15 MHz
Throughput: 120 Mbps","{'slice_type': 'eMBB', 'cqi': 7, 'bandwidth': 15.0, 'throughput': 116.85}",0.8374999999999999,0.005880849999999999
"You are a 5G network slicing expert. Your task is to allocate network resources for a new user joining the network.

=== NETWORK STATE ===
- eMBB Slice: 12 active users (Total capacity: 90 MHz)
- URLLC Slice: 4 active users (Total capacity: 30 MHz)

=== NEW USER INFORMATION ===
- User Position: (-173.56, 101.28) meters (local coordinates)
- Region: HKUST_Center
- Service Request: ""I need power grid fault detection""

=== IMPORTANT ===
The user's Channel Quality Indicator (CQI) is NOT directly provided.
You MUST call the ray_tracing tool with the user's position and region to obtain the CQI value before performing bandwidth and throughput calculations.

=== YOUR TASK ===
1. Call ray_tracing(user_x=-173.56, user_y=101.28, region=""HKUST_Center"") to obtain the user's CQI
2. Slice Type: Classify the service as eMBB (high bandwidth) or URLLC (low latency)
3. Bandwidth: Calculate using Proportional Fairness - B = SliceCapacity / (ExistingUsers + 1)
4. Throughput: Calculate using Shannon Formula - T = 10 * B * log10(1 + 10^(CQI/10))

=== CONSTRAINTS ===
- eMBB: Bandwidth range [6-20] MHz
- URLLC: Bandwidth range [1-5] MHz

=== OUTPUT FORMAT ===
CQI: [value from ray_tracing tool]
Slice Type: [eMBB or URLLC]
Bandwidth: [value] MHz
Throughput: [value] Mbps","CQI: 12
Slice Type: URLLC
Bandwidth: 5 MHz
Throughput: 63.01 Mbps","{'slice_type': 'URLLC', 'cqi': 7, 'bandwidth': 5.0, 'throughput': 38.95}",0.6,0.0074068499999999995
"You are a 5G network slicing expert. Your task is to allocate network resources for a new user joining the network.

=== NETWORK STATE ===
- eMBB Slice: 9 active users (Total capacity: 90 MHz)
- URLLC Slice: 2 active users (Total capacity: 30 MHz)

=== NEW USER INFORMATION ===
- User Position: (-44.57, 9.06) meters (local coordinates)
- Region: HKUST_Center
- Service Request: ""I need early warning system deployment""

=== IMPORTANT ===
The user's Channel Quality Indicator (CQI) is NOT directly provided.
You MUST call the ray_tracing tool with the user's position and region to obtain the CQI value before performing bandwidth and throughput calculations.

=== YOUR TASK ===
1. Call ray_tracing(user_x=-44.57, user_y=9.06, region=""HKUST_Center"") to obtain the user's CQI
2. Slice Type: Classify the service as eMBB (high bandwidth) or URLLC (low latency)
3. Bandwidth: Calculate using Proportional Fairness - B = SliceCapacity / (ExistingUsers + 1)
4. Throughput: Calculate using Shannon Formula - T = 10 * B * log10(1 + 10^(CQI/10))

=== CONSTRAINTS ===
- eMBB: Bandwidth range [6-20] MHz
- URLLC: Bandwidth range [1-5] MHz

=== OUTPUT FORMAT ===
CQI: [value from ray_tracing tool]
Slice Type: [eMBB or URLLC]
Bandwidth: [value] MHz
Throughput: [value] Mbps","CQI: 12
Slice Type: URLLC
Bandwidth: 5 MHz
Throughput: 50.0 Mbps","{'slice_type': 'URLLC', 'cqi': 15, 'bandwidth': 5.0, 'throughput': 75.68}",0.705,0.0067948999999999996
"You are a 5G network slicing expert. Your task is to allocate network resources for a new user joining the network.

=== NETWORK STATE ===
- eMBB Slice: 8 active users (Total capacity: 90 MHz)
- URLLC Slice: 4 active users (Total capacity: 30 MHz)

=== NEW USER INFORMATION ===
- User Position: (-53.39, -3.81) meters (local coordinates)
- Region: HKUST_North
- Service Request: ""I want to download software updates""

=== IMPORTANT ===
The user's Channel Quality Indicator (CQI) is NOT directly provided.
You MUST call the ray_tracing tool with the user's position and region to obtain the CQI value before performing bandwidth and throughput calculations.

=== YOUR TASK ===
1. Call ray_tracing(user_x=-53.39, user_y=-3.81, region=""HKUST_North"") to obtain the user's CQI
2. Slice Type: Classify the service as eMBB (high bandwidth) or URLLC (low latency)
3. Bandwidth: Calculate using Proportional Fairness - B = SliceCapacity / (ExistingUsers + 1)
4. Throughput: Calculate using Shannon Formula - T = 10 * B * log10(1 + 10^(CQI/10))

=== CONSTRAINTS ===
- eMBB: Bandwidth range [6-20] MHz
- URLLC: Bandwidth range [1-5] MHz

=== OUTPUT FORMAT ===
CQI: [value from ray_tracing tool]
Slice Type: [eMBB or URLLC]
Bandwidth: [value] MHz
Throughput: [value] Mbps","CQI: 12
Slice Type: eMBB
Bandwidth: 10 MHz
Throughput: 60.0 Mbps","{'slice_type': 'eMBB', 'cqi': 15, 'bandwidth': 10.0, 'throughput': 151.35}",0.63,0.006070999999999999
"You are a 5G network slicing expert. Your task is to allocate network resources for a new user joining the network.

=== NETWORK STATE ===
- eMBB Slice: 4 active users (Total capacity: 90 MHz)
- URLLC Slice: 6 active users (Total capacity: 30 MHz)

=== NEW USER INFORMATION ===
- User Position: (-91.68, 1.54) meters (local coordinates)
- Region: HKUST_Center
- Service Request: ""I need emergency machine shutdown capability""

=== IMPORTANT ===
The user's Channel Quality Indicator (CQI) is NOT directly provided.
You MUST call the ray_tracing tool with the user's position and region to obtain the CQI value before performing bandwidth and throughput calculations.

=== YOUR TASK ===
1. Call ray_tracing(user_x=-91.68, user_y=1.54, region=""HKUST_Center"") to obtain the user's CQI
2. Slice Type: Classify the service as eMBB (high bandwidth) or URLLC (low latency)
3. Bandwidth: Calculate using Proportional Fairness - B = SliceCapacity / (ExistingUsers + 1)
4. Throughput: Calculate using Shannon Formula - T = 10 * B * log10(1 + 10^(CQI/10))

=== CONSTRAINTS ===
- eMBB: Bandwidth range [6-20] MHz
- URLLC: Bandwidth range [1-5] MHz

=== OUTPUT FORMAT ===
CQI: [value from ray_tracing tool]
Slice Type: [eMBB or URLLC]
Bandwidth: [value] MHz
Throughput: [value] Mbps","CQI: 22
Slice Type: URLLC
Bandwidth: 5 MHz
Throughput: 70.4 Mbps","{'slice_type': 'URLLC', 'cqi': 15, 'bandwidth': 4.29, 'throughput': 64.93}",0.7075,0.0069099999999999995
"You are a 5G network slicing expert. Your task is to allocate network resources for a new user joining the network.

=== NETWORK STATE ===
- eMBB Slice: 3 active users (Total capacity: 90 MHz)
- URLLC Slice: 9 active users (Total capacity: 30 MHz)

=== NEW USER INFORMATION ===
- User Position: (120.3, -32.09) meters (local coordinates)
- Region: HKUST_South
- Service Request: ""I want to play competitive online gaming""

=== IMPORTANT ===
The user's Channel Quality Indicator (CQI) is NOT directly provided.
You MUST call the ray_tracing tool with the user's position and region to obtain the CQI value before performing bandwidth and throughput calculations.

=== YOUR TASK ===
1. Call ray_tracing(user_x=120.3, user_y=-32.09, region=""HKUST_South"") to obtain the user's CQI
2. Slice Type: Classify the service as eMBB (high bandwidth) or URLLC (low latency)
3. Bandwidth: Calculate using Proportional Fairness - B = SliceCapacity / (ExistingUsers + 1)
4. Throughput: Calculate using Shannon Formula - T = 10 * B * log10(1 + 10^(CQI/10))

=== CONSTRAINTS ===
- eMBB: Bandwidth range [6-20] MHz
- URLLC: Bandwidth range [1-5] MHz

=== OUTPUT FORMAT ===
CQI: [value from ray_tracing tool]
Slice Type: [eMBB or URLLC]
Bandwidth: [value] MHz
Throughput: [value] Mbps","CQI: 12
Slice Type: URLLC
Bandwidth: 3 MHz
Throughput: 45.2 Mbps","{'slice_type': 'URLLC', 'cqi': 15, 'bandwidth': 3.0, 'throughput': 45.41}",0.88,0.0072902999999999996
"You are a 5G network slicing expert. Your task is to allocate network resources for a new user joining the network.

=== NETWORK STATE ===
- eMBB Slice: 10 active users (Total capacity: 90 MHz)
- URLLC Slice: 7 active users (Total capacity: 30 MHz)

=== NEW USER INFORMATION ===
- User Position: (94.71, 66.07) meters (local coordinates)
- Region: HKUST_North
- Service Request: ""I want to use virtual reality gaming""

=== IMPORTANT ===
The user's Channel Quality Indicator (CQI) is NOT directly provided.
You MUST call the ray_tracing tool with the user's position and region to obtain the CQI value before performing bandwidth and throughput calculations.

=== YOUR TASK ===
1. Call ray_tracing(user_x=94.71, user_y=66.07, region=""HKUST_North"") to obtain the user's CQI
2. Slice Type: Classify the service as eMBB (high bandwidth) or URLLC (low latency)
3. Bandwidth: Calculate using Proportional Fairness - B = SliceCapacity / (ExistingUsers + 1)
4. Throughput: Calculate using Shannon Formula - T = 10 * B * log10(1 + 10^(CQI/10))

=== CONSTRAINTS ===
- eMBB: Bandwidth range [6-20] MHz
- URLLC: Bandwidth range [1-5] MHz

=== OUTPUT FORMAT ===
CQI: [value from ray_tracing tool]
Slice Type: [eMBB or URLLC]
Bandwidth: [value] MHz
Throughput: [value] Mbps","CQI: 12
Slice Type: eMBB
Bandwidth: 8.18 MHz
Throughput: 163.6 Mbps","{'slice_type': 'eMBB', 'cqi': 11, 'bandwidth': 8.18, 'throughput': 92.7}",0.72,0.008470749999999997
"You are a 5G network slicing expert. Your task is to allocate network resources for a new user joining the network.

=== NETWORK STATE ===
- eMBB Slice: 7 active users (Total capacity: 90 MHz)
- URLLC Slice: 6 active users (Total capacity: 30 MHz)

=== NEW USER INFORMATION ===
- User Position: (-24.37, -21.65) meters (local coordinates)
- Region: HKUST_North
- Service Request: ""I need real-time fraud detection""

=== IMPORTANT ===
The user's Channel Quality Indicator (CQI) is NOT directly provided.
You MUST call the ray_tracing tool with the user's position and region to obtain the CQI value before performing bandwidth and throughput calculations.

=== YOUR TASK ===
1. Call ray_tracing(user_x=-24.37, user_y=-21.65, region=""HKUST_North"") to obtain the user's CQI
2. Slice Type: Classify the service as eMBB (high bandwidth) or URLLC (low latency)
3. Bandwidth: Calculate using Proportional Fairness - B = SliceCapacity / (ExistingUsers + 1)
4. Throughput: Calculate using Shannon Formula - T = 10 * B * log10(1 + 10^(CQI/10))

=== CONSTRAINTS ===
- eMBB: Bandwidth range [6-20] MHz
- URLLC: Bandwidth range [1-5] MHz

=== OUTPUT FORMAT ===
CQI: [value from ray_tracing tool]
Slice Type: [eMBB or URLLC]
Bandwidth: [value] MHz
Throughput: [value] Mbps","CQI: 12
Slice Type: URLLC
Bandwidth: 4 MHz
Throughput: 40 Mbps","{'slice_type': 'URLLC', 'cqi': 15, 'bandwidth': 4.29, 'throughput': 64.93}",0.6525,0.008276849999999997
"You are a 5G network slicing expert. Your task is to allocate network resources for a new user joining the network.

=== NETWORK STATE ===
- eMBB Slice: 5 active users (Total capacity: 90 MHz)
- URLLC Slice: 9 active users (Total capacity: 30 MHz)

=== NEW USER INFORMATION ===
- User Position: (51.25, -32.36) meters (local coordinates)
- Region: HKUST_Center
- Service Request: ""I want to browse websites and check email""

=== IMPORTANT ===
The user's Channel Quality Indicator (CQI) is NOT directly provided.
You MUST call the ray_tracing tool with the user's position and region to obtain the CQI value before performing bandwidth and throughput calculations.

=== YOUR TASK ===
1. Call ray_tracing(user_x=51.25, user_y=-32.36, region=""HKUST_Center"") to obtain the user's CQI
2. Slice Type: Classify the service as eMBB (high bandwidth) or URLLC (low latency)
3. Bandwidth: Calculate using Proportional Fairness - B = SliceCapacity / (ExistingUsers + 1)
4. Throughput: Calculate using Shannon Formula - T = 10 * B * log10(1 + 10^(CQI/10))

=== CONSTRAINTS ===
- eMBB: Bandwidth range [6-20] MHz
- URLLC: Bandwidth range [1-5] MHz

=== OUTPUT FORMAT ===
CQI: [value from ray_tracing tool]
Slice Type: [eMBB or URLLC]
Bandwidth: [value] MHz
Throughput: [value] Mbps","CQI: 12  
Slice Type: eMBB  
Bandwidth: 15 MHz  
Throughput: 120 Mbps","{'slice_type': 'eMBB', 'cqi': 15, 'bandwidth': 15.0, 'throughput': 227.03}",0.705,0.008623899999999999
"You are a 5G network slicing expert. Your task is to allocate network resources for a new user joining the network.

=== NETWORK STATE ===
- eMBB Slice: 12 active users (Total capacity: 90 MHz)
- URLLC Slice: 3 active users (Total capacity: 30 MHz)

=== NEW USER INFORMATION ===
- User Position: (-148.33, 71.24) meters (local coordinates)
- Region: HKUST_Center
- Service Request: ""I need emergency machine shutdown capability""

=== IMPORTANT ===
The user's Channel Quality Indicator (CQI) is NOT directly provided.
You MUST call the ray_tracing tool with the user's position and region to obtain the CQI value before performing bandwidth and throughput calculations.

=== YOUR TASK ===
1. Call ray_tracing(user_x=-148.33, user_y=71.24, region=""HKUST_Center"") to obtain the user's CQI
2. Slice Type: Classify the service as eMBB (high bandwidth) or URLLC (low latency)
3. Bandwidth: Calculate using Proportional Fairness - B = SliceCapacity / (ExistingUsers + 1)
4. Throughput: Calculate using Shannon Formula - T = 10 * B * log10(1 + 10^(CQI/10))

=== CONSTRAINTS ===
- eMBB: Bandwidth range [6-20] MHz
- URLLC: Bandwidth range [1-5] MHz

=== OUTPUT FORMAT ===
CQI: [value from ray_tracing tool]
Slice Type: [eMBB or URLLC]
Bandwidth: [value] MHz
Throughput: [value] Mbps","CQI: 12
Slice Type: URLLC
Bandwidth: 5 MHz
Throughput: 50.0 Mbps","{'slice_type': 'URLLC', 'cqi': 9, 'bandwidth': 5.0, 'throughput': 47.57}",0.8425,0.009115749999999997
"You are a 5G network slicing expert. Your task is to allocate network resources for a new user joining the network.

=== NETWORK STATE ===
- eMBB Slice: 6 active users (Total capacity: 90 MHz)
- URLLC Slice: 9 active users (Total capacity: 30 MHz)

=== NEW USER INFORMATION ===
- User Position: (-209.69, 140.66) meters (local coordinates)
- Region: HKUST_Center
- Service Request: ""I want to stream a live sports event""

=== IMPORTANT ===
The user's Channel Quality Indicator (CQI) is NOT directly provided.
You MUST call the ray_tracing tool with the user's position and region to obtain the CQI value before performing bandwidth and throughput calculations.

=== YOUR TASK ===
1. Call ray_tracing(user_x=-209.69, user_y=140.66, region=""HKUST_Center"") to obtain the user's CQI
2. Slice Type: Classify the service as eMBB (high bandwidth) or URLLC (low latency)
3. Bandwidth: Calculate using Proportional Fairness - B = SliceCapacity / (ExistingUsers + 1)
4. Throughput: Calculate using Shannon Formula - T = 10 * B * log10(1 + 10^(CQI/10))

=== CONSTRAINTS ===
- eMBB: Bandwidth range [6-20] MHz
- URLLC: Bandwidth range [1-5] MHz

=== OUTPUT FORMAT ===
CQI: [value from ray_tracing tool]
Slice Type: [eMBB or URLLC]
Bandwidth: [value] MHz
Throughput: [value] Mbps","CQI: 12
Slice Type: eMBB
Bandwidth: 10 MHz
Throughput: 40 Mbps","{'slice_type': 'eMBB', 'cqi': 5, 'bandwidth': 12.86, 'throughput': 79.65}",0.5,0.0077464
"You are a 5G network slicing expert. Your task is to allocate network resources for a new user joining the network.

=== NETWORK STATE ===
- eMBB Slice: 12 active users (Total capacity: 90 MHz)
- URLLC Slice: 10 active users (Total capacity: 30 MHz)

=== NEW USER INFORMATION ===
- User Position: (-211.03, 38.94) meters (local coordinates)
- Region: HKUST_Center
- Service Request: ""I need remote desktop access""

=== IMPORTANT ===
The user's Channel Quality Indicator (CQI) is NOT directly provided.
You MUST call the ray_tracing tool with the user's position and region to obtain the CQI value before performing bandwidth and throughput calculations.

=== YOUR TASK ===
1. Call ray_tracing(user_x=-211.03, user_y=38.94, region=""HKUST_Center"") to obtain the user's CQI
2. Slice Type: Classify the service as eMBB (high bandwidth) or URLLC (low latency)
3. Bandwidth: Calculate using Proportional Fairness - B = SliceCapacity / (ExistingUsers + 1)
4. Throughput: Calculate using Shannon Formula - T = 10 * B * log10(1 + 10^(CQI/10))

=== CONSTRAINTS ===
- eMBB: Bandwidth range [6-20] MHz
- URLLC: Bandwidth range [1-5] MHz

=== OUTPUT FORMAT ===
CQI: [value from ray_tracing tool]
Slice Type: [eMBB or URLLC]
Bandwidth: [value] MHz
Throughput: [value] Mbps","CQI: 12
Slice Type: eMBB
Bandwidth: 6.0 MHz
Throughput: 48.0 Mbps","{'slice_type': 'eMBB', 'cqi': 7, 'bandwidth': 6.92, 'throughput': 53.91}",0.6699999999999999,0.008202799999999998
"You are a 5G network slicing expert. Your task is to allocate network resources for a new user joining the network.

=== NETWORK STATE ===
- eMBB Slice: 3 active users (Total capacity: 90 MHz)
- URLLC Slice: 9 active users (Total capacity: 30 MHz)

=== NEW USER INFORMATION ===
- User Position: (-204.88, 30.94) meters (local coordinates)
- Region: HKUST_Center
- Service Request: ""I need to monitor IoT sensors in real-time""

=== IMPORTANT ===
The user's Channel Quality Indicator (CQI) is NOT directly provided.
You MUST call the ray_tracing tool with the user's position and region to obtain the CQI value before performing bandwidth and throughput calculations.

=== YOUR TASK ===
1. Call ray_tracing(user_x=-204.88, user_y=30.94, region=""HKUST_Center"") to obtain the user's CQI
2. Slice Type: Classify the service as eMBB (high bandwidth) or URLLC (low latency)
3. Bandwidth: Calculate using Proportional Fairness - B = SliceCapacity / (ExistingUsers + 1)
4. Throughput: Calculate using Shannon Formula - T = 10 * B * log10(1 + 10^(CQI/10))

=== CONSTRAINTS ===
- eMBB: Bandwidth range [6-20] MHz
- URLLC: Bandwidth range [1-5] MHz

=== OUTPUT FORMAT ===
CQI: [value from ray_tracing tool]
Slice Type: [eMBB or URLLC]
Bandwidth: [value] MHz
Throughput: [value] Mbps","CQI: 12
Slice Type: URLLC
Bandwidth: 3 MHz
Throughput: 30 Mbps","{'slice_type': 'URLLC', 'cqi': 7, 'bandwidth': 3.0, 'throughput': 23.37}",0.725,0.008088149999999999
"You are a 5G network slicing expert. Your task is to allocate network resources for a new user joining the network.

=== NETWORK STATE ===
- eMBB Slice: 9 active users (Total capacity: 90 MHz)
- URLLC Slice: 5 active users (Total capacity: 30 MHz)

=== NEW USER INFORMATION ===
- User Position: (46.5, -11.91) meters (local coordinates)
- Region: HKUST_North
- Service Request: ""I need autonomous vehicle communication""

=== IMPORTANT ===
The user's Channel Quality Indicator (CQI) is NOT directly provided.
You MUST call the ray_tracing tool with the user's position and region to obtain the CQI value before performing bandwidth and throughput calculations.

=== YOUR TASK ===
1. Call ray_tracing(user_x=46.5, user_y=-11.91, region=""HKUST_North"") to obtain the user's CQI
2. Slice Type: Classify the service as eMBB (high bandwidth) or URLLC (low latency)
3. Bandwidth: Calculate using Proportional Fairness - B = SliceCapacity / (ExistingUsers + 1)
4. Throughput: Calculate using Shannon Formula - T = 10 * B * log10(1 + 10^(CQI/10))

=== CONSTRAINTS ===
- eMBB: Bandwidth range [6-20] MHz
- URLLC: Bandwidth range [1-5] MHz

=== OUTPUT FORMAT ===
CQI: [value from ray_tracing tool]
Slice Type: [eMBB or URLLC]
Bandwidth: [value] MHz
Throughput: [value] Mbps","CQI: 12
Slice Type: URLLC
Bandwidth: 5 MHz
Throughput: 50.0 Mbps","{'slice_type': 'URLLC', 'cqi': 15, 'bandwidth': 5.0, 'throughput': 75.68}",0.705,0.00793685
"You are a 5G network slicing expert. Your task is to allocate network resources for a new user joining the network.

=== NETWORK STATE ===
- eMBB Slice: 12 active users (Total capacity: 90 MHz)
- URLLC Slice: 7 active users (Total capacity: 30 MHz)

=== NEW USER INFORMATION ===
- User Position: (-135.51, 131.46) meters (local coordinates)
- Region: HKUST_Center
- Service Request: ""I need to download a large game file""

=== IMPORTANT ===
The user's Channel Quality Indicator (CQI) is NOT directly provided.
You MUST call the ray_tracing tool with the user's position and region to obtain the CQI value before performing bandwidth and throughput calculations.

=== YOUR TASK ===
1. Call ray_tracing(user_x=-135.51, user_y=131.46, region=""HKUST_Center"") to obtain the user's CQI
2. Slice Type: Classify the service as eMBB (high bandwidth) or URLLC (low latency)
3. Bandwidth: Calculate using Proportional Fairness - B = SliceCapacity / (ExistingUsers + 1)
4. Throughput: Calculate using Shannon Formula - T = 10 * B * log10(1 + 10^(CQI/10))

=== CONSTRAINTS ===
- eMBB: Bandwidth range [6-20] MHz
- URLLC: Bandwidth range [1-5] MHz

=== OUTPUT FORMAT ===
CQI: [value from ray_tracing tool]
Slice Type: [eMBB or URLLC]
Bandwidth: [value] MHz
Throughput: [value] Mbps","CQI: 22
Slice Type: eMBB
Bandwidth: 6.43 MHz
Throughput: 128.6 Mbps","{'slice_type': 'eMBB', 'cqi': 8, 'bandwidth': 6.92, 'throughput': 59.78}",0.5475,0.009194049999999997
"You are a 5G network slicing expert. Your task is to allocate network resources for a new user joining the network.

=== NETWORK STATE ===
- eMBB Slice: 9 active users (Total capacity: 90 MHz)
- URLLC Slice: 3 active users (Total capacity: 30 MHz)

=== NEW USER INFORMATION ===
- User Position: (92.75, 64.17) meters (local coordinates)
- Region: HKUST_North
- Service Request: ""I need emergency response coordination""

=== IMPORTANT ===
The user's Channel Quality Indicator (CQI) is NOT directly provided.
You MUST call the ray_tracing tool with the user's position and region to obtain the CQI value before performing bandwidth and throughput calculations.

=== YOUR TASK ===
1. Call ray_tracing(user_x=92.75, user_y=64.17, region=""HKUST_North"") to obtain the user's CQI
2. Slice Type: Classify the service as eMBB (high bandwidth) or URLLC (low latency)
3. Bandwidth: Calculate using Proportional Fairness - B = SliceCapacity / (ExistingUsers + 1)
4. Throughput: Calculate using Shannon Formula - T = 10 * B * log10(1 + 10^(CQI/10))

=== CONSTRAINTS ===
- eMBB: Bandwidth range [6-20] MHz
- URLLC: Bandwidth range [1-5] MHz

=== OUTPUT FORMAT ===
CQI: [value from ray_tracing tool]
Slice Type: [eMBB or URLLC]
Bandwidth: [value] MHz
Throughput: [value] Mbps","CQI: 12
Slice Type: URLLC
Bandwidth: 5 MHz
Throughput: 50 Mbps","{'slice_type': 'URLLC', 'cqi': 12, 'bandwidth': 5.0, 'throughput': 61.33}",0.925,0.009077799999999997
"You are a 5G network slicing expert. Your task is to allocate network resources for a new user joining the network.

=== NETWORK STATE ===
- eMBB Slice: 7 active users (Total capacity: 90 MHz)
- URLLC Slice: 5 active users (Total capacity: 30 MHz)

=== NEW USER INFORMATION ===
- User Position: (-60.6, -50.32) meters (local coordinates)
- Region: HKUST_Center
- Service Request: ""I need high-frequency trading connectivity""

=== IMPORTANT ===
The user's Channel Quality Indicator (CQI) is NOT directly provided.
You MUST call the ray_tracing tool with the user's position and region to obtain the CQI value before performing bandwidth and throughput calculations.

=== YOUR TASK ===
1. Call ray_tracing(user_x=-60.6, user_y=-50.32, region=""HKUST_Center"") to obtain the user's CQI
2. Slice Type: Classify the service as eMBB (high bandwidth) or URLLC (low latency)
3. Bandwidth: Calculate using Proportional Fairness - B = SliceCapacity / (ExistingUsers + 1)
4. Throughput: Calculate using Shannon Formula - T = 10 * B * log10(1 + 10^(CQI/10))

=== CONSTRAINTS ===
- eMBB: Bandwidth range [6-20] MHz
- URLLC: Bandwidth range [1-5] MHz

=== OUTPUT FORMAT ===
CQI: [value from ray_tracing tool]
Slice Type: [eMBB or URLLC]
Bandwidth: [value] MHz
Throughput: [value] Mbps","CQI: 12
Slice Type: eMBB
Bandwidth: 10 MHz
Throughput: 60 Mbps","{'slice_type': 'URLLC', 'cqi': 15, 'bandwidth': 5.0, 'throughput': 75.68}",0.22499999999999998,0.008507849999999997
"You are a 5G network slicing expert. Your task is to allocate network resources for a new user joining the network.

=== NETWORK STATE ===
- eMBB Slice: 10 active users (Total capacity: 90 MHz)
- URLLC Slice: 5 active users (Total capacity: 30 MHz)

=== NEW USER INFORMATION ===
- User Position: (-188.36, 116.61) meters (local coordinates)
- Region: HKUST_Center
- Service Request: ""I need real-time fraud detection""

=== IMPORTANT ===
The user's Channel Quality Indicator (CQI) is NOT directly provided.
You MUST call the ray_tracing tool with the user's position and region to obtain the CQI value before performing bandwidth and throughput calculations.

=== YOUR TASK ===
1. Call ray_tracing(user_x=-188.36, user_y=116.61, region=""HKUST_Center"") to obtain the user's CQI
2. Slice Type: Classify the service as eMBB (high bandwidth) or URLLC (low latency)
3. Bandwidth: Calculate using Proportional Fairness - B = SliceCapacity / (ExistingUsers + 1)
4. Throughput: Calculate using Shannon Formula - T = 10 * B * log10(1 + 10^(CQI/10))

=== CONSTRAINTS ===
- eMBB: Bandwidth range [6-20] MHz
- URLLC: Bandwidth range [1-5] MHz

=== OUTPUT FORMAT ===
CQI: [value from ray_tracing tool]
Slice Type: [eMBB or URLLC]
Bandwidth: [value] MHz
Throughput: [value] Mbps","CQI: 12
Slice Type: URLLC
Bandwidth: 5 MHz
Throughput: 50.0 Mbps","{'slice_type': 'URLLC', 'cqi': 6, 'bandwidth': 5.0, 'throughput': 34.87}",0.6749999999999999,0.008966149999999997
"You are a 5G network slicing expert. Your task is to allocate network resources for a new user joining the network.

=== NETWORK STATE ===
- eMBB Slice: 11 active users (Total capacity: 90 MHz)
- URLLC Slice: 2 active users (Total capacity: 30 MHz)

=== NEW USER INFORMATION ===
- User Position: (-13.7, -19.15) meters (local coordinates)
- Region: HKUST_North
- Service Request: ""I want to use augmented reality navigation""

=== IMPORTANT ===
The user's Channel Quality Indicator (CQI) is NOT directly provided.
You MUST call the ray_tracing tool with the user's position and region to obtain the CQI value before performing bandwidth and throughput calculations.

=== YOUR TASK ===
1. Call ray_tracing(user_x=-13.7, user_y=-19.15, region=""HKUST_North"") to obtain the user's CQI
2. Slice Type: Classify the service as eMBB (high bandwidth) or URLLC (low latency)
3. Bandwidth: Calculate using Proportional Fairness - B = SliceCapacity / (ExistingUsers + 1)
4. Throughput: Calculate using Shannon Formula - T = 10 * B * log10(1 + 10^(CQI/10))

=== CONSTRAINTS ===
- eMBB: Bandwidth range [6-20] MHz
- URLLC: Bandwidth range [1-5] MHz

=== OUTPUT FORMAT ===
CQI: [value from ray_tracing tool]
Slice Type: [eMBB or URLLC]
Bandwidth: [value] MHz
Throughput: [value] Mbps","CQI: 12
Slice Type: eMBB
Bandwidth: 8.18 MHz
Throughput: 65.44 Mbps","{'slice_type': 'eMBB', 'cqi': 15, 'bandwidth': 7.5, 'throughput': 113.51}",0.6525,0.008317049999999998
"You are a 5G network slicing expert. Your task is to allocate network resources for a new user joining the network.

=== NETWORK STATE ===
- eMBB Slice: 3 active users (Total capacity: 90 MHz)
- URLLC Slice: 2 active users (Total capacity: 30 MHz)

=== NEW USER INFORMATION ===
- User Position: (21.52, 48.52) meters (local coordinates)
- Region: HKUST_North
- Service Request: ""I want to stream music while browsing social media""

=== IMPORTANT ===
The user's Channel Quality Indicator (CQI) is NOT directly provided.
You MUST call the ray_tracing tool with the user's position and region to obtain the CQI value before performing bandwidth and throughput calculations.

=== YOUR TASK ===
1. Call ray_tracing(user_x=21.52, user_y=48.52, region=""HKUST_North"") to obtain the user's CQI
2. Slice Type: Classify the service as eMBB (high bandwidth) or URLLC (low latency)
3. Bandwidth: Calculate using Proportional Fairness - B = SliceCapacity / (ExistingUsers + 1)
4. Throughput: Calculate using Shannon Formula - T = 10 * B * log10(1 + 10^(CQI/10))

=== CONSTRAINTS ===
- eMBB: Bandwidth range [6-20] MHz
- URLLC: Bandwidth range [1-5] MHz

=== OUTPUT FORMAT ===
CQI: [value from ray_tracing tool]
Slice Type: [eMBB or URLLC]
Bandwidth: [value] MHz
Throughput: [value] Mbps","CQI: 12
Slice Type: eMBB
Bandwidth: 15 MHz
Throughput: 75.8 Mbps","{'slice_type': 'eMBB', 'cqi': 15, 'bandwidth': 20.0, 'throughput': 302.7}",0.455,0.008546399999999997
"You are a 5G network slicing expert. Your task is to allocate network resources for a new user joining the network.

=== NETWORK STATE ===
- eMBB Slice: 6 active users (Total capacity: 90 MHz)
- URLLC Slice: 2 active users (Total capacity: 30 MHz)

=== NEW USER INFORMATION ===
- User Position: (29.62, -32.85) meters (local coordinates)
- Region: HKUST_North
- Service Request: ""I want to use virtual reality gaming""

=== IMPORTANT ===
The user's Channel Quality Indicator (CQI) is NOT directly provided.
You MUST call the ray_tracing tool with the user's position and region to obtain the CQI value before performing bandwidth and throughput calculations.

=== YOUR TASK ===
1. Call ray_tracing(user_x=29.62, user_y=-32.85, region=""HKUST_North"") to obtain the user's CQI
2. Slice Type: Classify the service as eMBB (high bandwidth) or URLLC (low latency)
3. Bandwidth: Calculate using Proportional Fairness - B = SliceCapacity / (ExistingUsers + 1)
4. Throughput: Calculate using Shannon Formula - T = 10 * B * log10(1 + 10^(CQI/10))

=== CONSTRAINTS ===
- eMBB: Bandwidth range [6-20] MHz
- URLLC: Bandwidth range [1-5] MHz

=== OUTPUT FORMAT ===
CQI: [value from ray_tracing tool]
Slice Type: [eMBB or URLLC]
Bandwidth: [value] MHz
Throughput: [value] Mbps","CQI: 12
Slice Type: eMBB
Bandwidth: 15 MHz
Throughput: 150 Mbps","{'slice_type': 'eMBB', 'cqi': 15, 'bandwidth': 12.86, 'throughput': 194.64}",0.65,0.009386599999999997
"You are a 5G network slicing expert. Your task is to allocate network resources for a new user joining the network.

=== NETWORK STATE ===
- eMBB Slice: 9 active users (Total capacity: 90 MHz)
- URLLC Slice: 7 active users (Total capacity: 30 MHz)

=== NEW USER INFORMATION ===
- User Position: (-218.2, -41.61) meters (local coordinates)
- Region: HKUST_Center
- Service Request: ""I need autonomous vehicle communication""

=== IMPORTANT ===
The user's Channel Quality Indicator (CQI) is NOT directly provided.
You MUST call the ray_tracing tool with the user's position and region to obtain the CQI value before performing bandwidth and throughput calculations.

=== YOUR TASK ===
1. Call ray_tracing(user_x=-218.2, user_y=-41.61, region=""HKUST_Center"") to obtain the user's CQI
2. Slice Type: Classify the service as eMBB (high bandwidth) or URLLC (low latency)
3. Bandwidth: Calculate using Proportional Fairness - B = SliceCapacity / (ExistingUsers + 1)
4. Throughput: Calculate using Shannon Formula - T = 10 * B * log10(1 + 10^(CQI/10))

=== CONSTRAINTS ===
- eMBB: Bandwidth range [6-20] MHz
- URLLC: Bandwidth range [1-5] MHz

=== OUTPUT FORMAT ===
CQI: [value from ray_tracing tool]
Slice Type: [eMBB or URLLC]
Bandwidth: [value] MHz
Throughput: [value] Mbps","CQI: 12
Slice Type: URLLC
Bandwidth: 3.75 MHz
Throughput: 37.5 Mbps","{'slice_type': 'URLLC', 'cqi': 15, 'bandwidth': 3.75, 'throughput': 56.76}",0.705,0.009348749999999996
"You are a 5G network slicing expert. Your task is to allocate network resources for a new user joining the network.

=== NETWORK STATE ===
- eMBB Slice: 2 active users (Total capacity: 90 MHz)
- URLLC Slice: 10 active users (Total capacity: 30 MHz)

=== NEW USER INFORMATION ===
- User Position: (52.64, 156.27) meters (local coordinates)
- Region: HKUST_South
- Service Request: ""I want to stream 8K video content""

=== IMPORTANT ===
The user's Channel Quality Indicator (CQI) is NOT directly provided.
You MUST call the ray_tracing tool with the user's position and region to obtain the CQI value before performing bandwidth and throughput calculations.

=== YOUR TASK ===
1. Call ray_tracing(user_x=52.64, user_y=156.27, region=""HKUST_South"") to obtain the user's CQI
2. Slice Type: Classify the service as eMBB (high bandwidth) or URLLC (low latency)
3. Bandwidth: Calculate using Proportional Fairness - B = SliceCapacity / (ExistingUsers + 1)
4. Throughput: Calculate using Shannon Formula - T = 10 * B * log10(1 + 10^(CQI/10))

=== CONSTRAINTS ===
- eMBB: Bandwidth range [6-20] MHz
- URLLC: Bandwidth range [1-5] MHz

=== OUTPUT FORMAT ===
CQI: [value from ray_tracing tool]
Slice Type: [eMBB or URLLC]
Bandwidth: [value] MHz
Throughput: [value] Mbps","CQI: 12  
Slice Type: eMBB  
Bandwidth: 30 MHz  
Throughput: 150.8 Mbps","{'slice_type': 'eMBB', 'cqi': 15, 'bandwidth': 20.0, 'throughput': 302.7}",0.35000000000000003,0.009425899999999997
"You are a 5G network slicing expert. Your task is to allocate network resources for a new user joining the network.

=== NETWORK STATE ===
- eMBB Slice: 8 active users (Total capacity: 90 MHz)
- URLLC Slice: 8 active users (Total capacity: 30 MHz)

=== NEW USER INFORMATION ===
- User Position: (-58.26, 15.3) meters (local coordinates)
- Region: HKUST_North
- Service Request: ""I need emergency machine shutdown capability""

=== IMPORTANT ===
The user's Channel Quality Indicator (CQI) is NOT directly provided.
You MUST call the ray_tracing tool with the user's position and region to obtain the CQI value before performing bandwidth and throughput calculations.

=== YOUR TASK ===
1. Call ray_tracing(user_x=-58.26, user_y=15.3, region=""HKUST_North"") to obtain the user's CQI
2. Slice Type: Classify the service as eMBB (high bandwidth) or URLLC (low latency)
3. Bandwidth: Calculate using Proportional Fairness - B = SliceCapacity / (ExistingUsers + 1)
4. Throughput: Calculate using Shannon Formula - T = 10 * B * log10(1 + 10^(CQI/10))

=== CONSTRAINTS ===
- eMBB: Bandwidth range [6-20] MHz
- URLLC: Bandwidth range [1-5] MHz

=== OUTPUT FORMAT ===
CQI: [value from ray_tracing tool]
Slice Type: [eMBB or URLLC]
Bandwidth: [value] MHz
Throughput: [value] Mbps","CQI: 12
Slice Type: URLLC
Bandwidth: 3 MHz
Throughput: 30 Mbps","{'slice_type': 'URLLC', 'cqi': 15, 'bandwidth': 3.33, 'throughput': 50.4}",0.6525,0.0009498000000000001
"You are a 5G network slicing expert. Your task is to allocate network resources for a new user joining the network.

=== NETWORK STATE ===
- eMBB Slice: 3 active users (Total capacity: 90 MHz)
- URLLC Slice: 7 active users (Total capacity: 30 MHz)

=== NEW USER INFORMATION ===
- User Position: (41.28, -39.56) meters (local coordinates)
- Region: HKUST_Center
- Service Request: ""I need autonomous vehicle communication""

=== IMPORTANT ===
The user's Channel Quality Indicator (CQI) is NOT directly provided.
You MUST call the ray_tracing tool with the user's position and region to obtain the CQI value before performing bandwidth and throughput calculations.

=== YOUR TASK ===
1. Call ray_tracing(user_x=41.28, user_y=-39.56, region=""HKUST_Center"") to obtain the user's CQI
2. Slice Type: Classify the service as eMBB (high bandwidth) or URLLC (low latency)
3. Bandwidth: Calculate using Proportional Fairness - B = SliceCapacity / (ExistingUsers + 1)
4. Throughput: Calculate using Shannon Formula - T = 10 * B * log10(1 + 10^(CQI/10))

=== CONSTRAINTS ===
- eMBB: Bandwidth range [6-20] MHz
- URLLC: Bandwidth range [1-5] MHz

=== OUTPUT FORMAT ===
CQI: [value from ray_tracing tool]
Slice Type: [eMBB or URLLC]
Bandwidth: [value] MHz
Throughput: [value] Mbps","CQI: 12
Slice Type: URLLC
Bandwidth: 3.75 MHz
Throughput: 37.5 Mbps","{'slice_type': 'URLLC', 'cqi': 15, 'bandwidth': 3.75, 'throughput': 56.76}",0.705,0.00141375
"You are a 5G network slicing expert. Your task is to allocate network resources for a new user joining the network.

=== NETWORK STATE ===
- eMBB Slice: 10 active users (Total capacity: 90 MHz)
- URLLC Slice: 7 active users (Total capacity: 30 MHz)

=== NEW USER INFORMATION ===
- User Position: (-22.61, 31.32) meters (local coordinates)
- Region: HKUST_North
- Service Request: ""I need holographic communication""

=== IMPORTANT ===
The user's Channel Quality Indicator (CQI) is NOT directly provided.
You MUST call the ray_tracing tool with the user's position and region to obtain the CQI value before performing bandwidth and throughput calculations.

=== YOUR TASK ===
1. Call ray_tracing(user_x=-22.61, user_y=31.32, region=""HKUST_North"") to obtain the user's CQI
2. Slice Type: Classify the service as eMBB (high bandwidth) or URLLC (low latency)
3. Bandwidth: Calculate using Proportional Fairness - B = SliceCapacity / (ExistingUsers + 1)
4. Throughput: Calculate using Shannon Formula - T = 10 * B * log10(1 + 10^(CQI/10))

=== CONSTRAINTS ===
- eMBB: Bandwidth range [6-20] MHz
- URLLC: Bandwidth range [1-5] MHz

=== OUTPUT FORMAT ===
CQI: [value from ray_tracing tool]
Slice Type: [eMBB or URLLC]
Bandwidth: [value] MHz
Throughput: [value] Mbps","CQI: 12
Slice Type: eMBB
Bandwidth: 9.0 MHz
Throughput: 73.8 Mbps","{'slice_type': 'eMBB', 'cqi': 15, 'bandwidth': 8.18, 'throughput': 123.81}",0.6,0.00145275
"You are a 5G network slicing expert. Your task is to allocate network resources for a new user joining the network.

=== NETWORK STATE ===
- eMBB Slice: 8 active users (Total capacity: 90 MHz)
- URLLC Slice: 3 active users (Total capacity: 30 MHz)

=== NEW USER INFORMATION ===
- User Position: (-159.12, 49.66) meters (local coordinates)
- Region: HKUST_Center
- Service Request: ""I need autonomous vehicle communication""

=== IMPORTANT ===
The user's Channel Quality Indicator (CQI) is NOT directly provided.
You MUST call the ray_tracing tool with the user's position and region to obtain the CQI value before performing bandwidth and throughput calculations.

=== YOUR TASK ===
1. Call ray_tracing(user_x=-159.12, user_y=49.66, region=""HKUST_Center"") to obtain the user's CQI
2. Slice Type: Classify the service as eMBB (high bandwidth) or URLLC (low latency)
3. Bandwidth: Calculate using Proportional Fairness - B = SliceCapacity / (ExistingUsers + 1)
4. Throughput: Calculate using Shannon Formula - T = 10 * B * log10(1 + 10^(CQI/10))

=== CONSTRAINTS ===
- eMBB: Bandwidth range [6-20] MHz
- URLLC: Bandwidth range [1-5] MHz

=== OUTPUT FORMAT ===
CQI: [value from ray_tracing tool]
Slice Type: [eMBB or URLLC]
Bandwidth: [value] MHz
Throughput: [value] Mbps","CQI: 22
Slice Type: URLLC
Bandwidth: 5 MHz
Throughput: 150.0 Mbps","{'slice_type': 'URLLC', 'cqi': 9, 'bandwidth': 5.0, 'throughput': 47.57}",0.6,0.0018380000000000002
"You are a 5G network slicing expert. Your task is to allocate network resources for a new user joining the network.

=== NETWORK STATE ===
- eMBB Slice: 5 active users (Total capacity: 90 MHz)
- URLLC Slice: 8 active users (Total capacity: 30 MHz)

=== NEW USER INFORMATION ===
- User Position: (-43.08, 104.05) meters (local coordinates)
- Region: HKUST_Center
- Service Request: ""I want to stream a live sports event""

=== IMPORTANT ===
The user's Channel Quality Indicator (CQI) is NOT directly provided.
You MUST call the ray_tracing tool with the user's position and region to obtain the CQI value before performing bandwidth and throughput calculations.

=== YOUR TASK ===
1. Call ray_tracing(user_x=-43.08, user_y=104.05, region=""HKUST_Center"") to obtain the user's CQI
2. Slice Type: Classify the service as eMBB (high bandwidth) or URLLC (low latency)
3. Bandwidth: Calculate using Proportional Fairness - B = SliceCapacity / (ExistingUsers + 1)
4. Throughput: Calculate using Shannon Formula - T = 10 * B * log10(1 + 10^(CQI/10))

=== CONSTRAINTS ===
- eMBB: Bandwidth range [6-20] MHz
- URLLC: Bandwidth range [1-5] MHz

=== OUTPUT FORMAT ===
CQI: [value from ray_tracing tool]
Slice Type: [eMBB or URLLC]
Bandwidth: [value] MHz
Throughput: [value] Mbps","CQI: 12
Slice Type: eMBB
Bandwidth: 15 MHz
Throughput: 120 Mbps","{'slice_type': 'eMBB', 'cqi': 15, 'bandwidth': 15.0, 'throughput': 227.03}",0.705,0.0007997000000000002
"You are a 5G network slicing expert. Your task is to allocate network resources for a new user joining the network.

=== NETWORK STATE ===
- eMBB Slice: 8 active users (Total capacity: 90 MHz)
- URLLC Slice: 7 active users (Total capacity: 30 MHz)

=== NEW USER INFORMATION ===
- User Position: (28.16, -107.73) meters (local coordinates)
- Region: HKUST_South
- Service Request: ""I need factory robot synchronization""

=== IMPORTANT ===
The user's Channel Quality Indicator (CQI) is NOT directly provided.
You MUST call the ray_tracing tool with the user's position and region to obtain the CQI value before performing bandwidth and throughput calculations.

=== YOUR TASK ===
1. Call ray_tracing(user_x=28.16, user_y=-107.73, region=""HKUST_South"") to obtain the user's CQI
2. Slice Type: Classify the service as eMBB (high bandwidth) or URLLC (low latency)
3. Bandwidth: Calculate using Proportional Fairness - B = SliceCapacity / (ExistingUsers + 1)
4. Throughput: Calculate using Shannon Formula - T = 10 * B * log10(1 + 10^(CQI/10))

=== CONSTRAINTS ===
- eMBB: Bandwidth range [6-20] MHz
- URLLC: Bandwidth range [1-5] MHz

=== OUTPUT FORMAT ===
CQI: [value from ray_tracing tool]
Slice Type: [eMBB or URLLC]
Bandwidth: [value] MHz
Throughput: [value] Mbps","CQI: 22
Slice Type: URLLC
Bandwidth: 3.75 MHz
Throughput: 45.0 Mbps","{'slice_type': 'URLLC', 'cqi': 12, 'bandwidth': 3.75, 'throughput': 46.0}",0.8374999999999999,0.0005709500000000001
"You are a 5G network slicing expert. Your task is to allocate network resources for a new user joining the network.

=== NETWORK STATE ===
- eMBB Slice: 3 active users (Total capacity: 90 MHz)
- URLLC Slice: 3 active users (Total capacity: 30 MHz)

=== NEW USER INFORMATION ===
- User Position: (45.92, 14.81) meters (local coordinates)
- Region: HKUST_North
- Service Request: ""I need to participate in a video conference""

=== IMPORTANT ===
The user's Channel Quality Indicator (CQI) is NOT directly provided.
You MUST call the ray_tracing tool with the user's position and region to obtain the CQI value before performing bandwidth and throughput calculations.

=== YOUR TASK ===
1. Call ray_tracing(user_x=45.92, user_y=14.81, region=""HKUST_North"") to obtain the user's CQI
2. Slice Type: Classify the service as eMBB (high bandwidth) or URLLC (low latency)
3. Bandwidth: Calculate using Proportional Fairness - B = SliceCapacity / (ExistingUsers + 1)
4. Throughput: Calculate using Shannon Formula - T = 10 * B * log10(1 + 10^(CQI/10))

=== CONSTRAINTS ===
- eMBB: Bandwidth range [6-20] MHz
- URLLC: Bandwidth range [1-5] MHz

=== OUTPUT FORMAT ===
CQI: [value from ray_tracing tool]
Slice Type: [eMBB or URLLC]
Bandwidth: [value] MHz
Throughput: [value] Mbps","CQI: 22
Slice Type: eMBB
Bandwidth: 15 MHz
Throughput: 150 Mbps","{'slice_type': 'eMBB', 'cqi': 15, 'bandwidth': 20.0, 'throughput': 302.7}",0.425,0.0012628000000000001
"You are a 5G network slicing expert. Your task is to allocate network resources for a new user joining the network.

=== NETWORK STATE ===
- eMBB Slice: 10 active users (Total capacity: 90 MHz)
- URLLC Slice: 2 active users (Total capacity: 30 MHz)

=== NEW USER INFORMATION ===
- User Position: (-14.43, 112.89) meters (local coordinates)
- Region: HKUST_Center
- Service Request: ""I need precision CNC machine control""

=== IMPORTANT ===
The user's Channel Quality Indicator (CQI) is NOT directly provided.
You MUST call the ray_tracing tool with the user's position and region to obtain the CQI value before performing bandwidth and throughput calculations.

=== YOUR TASK ===
1. Call ray_tracing(user_x=-14.43, user_y=112.89, region=""HKUST_Center"") to obtain the user's CQI
2. Slice Type: Classify the service as eMBB (high bandwidth) or URLLC (low latency)
3. Bandwidth: Calculate using Proportional Fairness - B = SliceCapacity / (ExistingUsers + 1)
4. Throughput: Calculate using Shannon Formula - T = 10 * B * log10(1 + 10^(CQI/10))

=== CONSTRAINTS ===
- eMBB: Bandwidth range [6-20] MHz
- URLLC: Bandwidth range [1-5] MHz

=== OUTPUT FORMAT ===
CQI: [value from ray_tracing tool]
Slice Type: [eMBB or URLLC]
Bandwidth: [value] MHz
Throughput: [value] Mbps","CQI: 22  
Slice Type: URLLC  
Bandwidth: 3 MHz  
Throughput: 60.0 Mbps","{'slice_type': 'URLLC', 'cqi': 15, 'bandwidth': 5.0, 'throughput': 75.68}",0.48,0.0011466500000000001
"You are a 5G network slicing expert. Your task is to allocate network resources for a new user joining the network.

=== NETWORK STATE ===
- eMBB Slice: 7 active users (Total capacity: 90 MHz)
- URLLC Slice: 8 active users (Total capacity: 30 MHz)

=== NEW USER INFORMATION ===
- User Position: (-147.8, -29.49) meters (local coordinates)
- Region: HKUST_Center
- Service Request: ""I need early warning system deployment""

=== IMPORTANT ===
The user's Channel Quality Indicator (CQI) is NOT directly provided.
You MUST call the ray_tracing tool with the user's position and region to obtain the CQI value before performing bandwidth and throughput calculations.

=== YOUR TASK ===
1. Call ray_tracing(user_x=-147.8, user_y=-29.49, region=""HKUST_Center"") to obtain the user's CQI
2. Slice Type: Classify the service as eMBB (high bandwidth) or URLLC (low latency)
3. Bandwidth: Calculate using Proportional Fairness - B = SliceCapacity / (ExistingUsers + 1)
4. Throughput: Calculate using Shannon Formula - T = 10 * B * log10(1 + 10^(CQI/10))

=== CONSTRAINTS ===
- eMBB: Bandwidth range [6-20] MHz
- URLLC: Bandwidth range [1-5] MHz

=== OUTPUT FORMAT ===
CQI: [value from ray_tracing tool]
Slice Type: [eMBB or URLLC]
Bandwidth: [value] MHz
Throughput: [value] Mbps","CQI: 12  
Slice Type: URLLC  
Bandwidth: 3 MHz  
Throughput: 30 Mbps","{'slice_type': 'URLLC', 'cqi': 15, 'bandwidth': 3.33, 'throughput': 50.4}",0.6525,0.00038050000000000003
"You are a 5G network slicing expert. Your task is to allocate network resources for a new user joining the network.

=== NETWORK STATE ===
- eMBB Slice: 7 active users (Total capacity: 90 MHz)
- URLLC Slice: 3 active users (Total capacity: 30 MHz)

=== NEW USER INFORMATION ===
- User Position: (92.79, 27.93) meters (local coordinates)
- Region: HKUST_North
- Service Request: ""I need remote surgery equipment control""

=== IMPORTANT ===
The user's Channel Quality Indicator (CQI) is NOT directly provided.
You MUST call the ray_tracing tool with the user's position and region to obtain the CQI value before performing bandwidth and throughput calculations.

=== YOUR TASK ===
1. Call ray_tracing(user_x=92.79, user_y=27.93, region=""HKUST_North"") to obtain the user's CQI
2. Slice Type: Classify the service as eMBB (high bandwidth) or URLLC (low latency)
3. Bandwidth: Calculate using Proportional Fairness - B = SliceCapacity / (ExistingUsers + 1)
4. Throughput: Calculate using Shannon Formula - T = 10 * B * log10(1 + 10^(CQI/10))

=== CONSTRAINTS ===
- eMBB: Bandwidth range [6-20] MHz
- URLLC: Bandwidth range [1-5] MHz

=== OUTPUT FORMAT ===
CQI: [value from ray_tracing tool]
Slice Type: [eMBB or URLLC]
Bandwidth: [value] MHz
Throughput: [value] Mbps","CQI: 12
Slice Type: URLLC
Bandwidth: 5 MHz
Throughput: 50 Mbps","{'slice_type': 'URLLC', 'cqi': 13, 'bandwidth': 5.0, 'throughput': 66.06}",0.845,0.0006075500000000001
"You are a 5G network slicing expert. Your task is to allocate network resources for a new user joining the network.

=== NETWORK STATE ===
- eMBB Slice: 3 active users (Total capacity: 90 MHz)
- URLLC Slice: 7 active users (Total capacity: 30 MHz)

=== NEW USER INFORMATION ===
- User Position: (40.92, -11.18) meters (local coordinates)
- Region: HKUST_North
- Service Request: ""I need factory robot synchronization""

=== IMPORTANT ===
The user's Channel Quality Indicator (CQI) is NOT directly provided.
You MUST call the ray_tracing tool with the user's position and region to obtain the CQI value before performing bandwidth and throughput calculations.

=== YOUR TASK ===
1. Call ray_tracing(user_x=40.92, user_y=-11.18, region=""HKUST_North"") to obtain the user's CQI
2. Slice Type: Classify the service as eMBB (high bandwidth) or URLLC (low latency)
3. Bandwidth: Calculate using Proportional Fairness - B = SliceCapacity / (ExistingUsers + 1)
4. Throughput: Calculate using Shannon Formula - T = 10 * B * log10(1 + 10^(CQI/10))

=== CONSTRAINTS ===
- eMBB: Bandwidth range [6-20] MHz
- URLLC: Bandwidth range [1-5] MHz

=== OUTPUT FORMAT ===
CQI: [value from ray_tracing tool]
Slice Type: [eMBB or URLLC]
Bandwidth: [value] MHz
Throughput: [value] Mbps","CQI: 12
Slice Type: URLLC
Bandwidth: 3 MHz
Throughput: 30 Mbps","{'slice_type': 'URLLC', 'cqi': 15, 'bandwidth': 3.75, 'throughput': 56.76}",0.53,0.0013742000000000001
"You are a 5G network slicing expert. Your task is to allocate network resources for a new user joining the network.

=== NETWORK STATE ===
- eMBB Slice: 8 active users (Total capacity: 90 MHz)
- URLLC Slice: 10 active users (Total capacity: 30 MHz)

=== NEW USER INFORMATION ===
- User Position: (58.54, 25.19) meters (local coordinates)
- Region: HKUST_North
- Service Request: ""I need real-time fraud detection""

=== IMPORTANT ===
The user's Channel Quality Indicator (CQI) is NOT directly provided.
You MUST call the ray_tracing tool with the user's position and region to obtain the CQI value before performing bandwidth and throughput calculations.

=== YOUR TASK ===
1. Call ray_tracing(user_x=58.54, user_y=25.19, region=""HKUST_North"") to obtain the user's CQI
2. Slice Type: Classify the service as eMBB (high bandwidth) or URLLC (low latency)
3. Bandwidth: Calculate using Proportional Fairness - B = SliceCapacity / (ExistingUsers + 1)
4. Throughput: Calculate using Shannon Formula - T = 10 * B * log10(1 + 10^(CQI/10))

=== CONSTRAINTS ===
- eMBB: Bandwidth range [6-20] MHz
- URLLC: Bandwidth range [1-5] MHz

=== OUTPUT FORMAT ===
CQI: [value from ray_tracing tool]
Slice Type: [eMBB or URLLC]
Bandwidth: [value] MHz
Throughput: [value] Mbps","CQI: 18  
Slice Type: URLLC  
Bandwidth: 2.73 MHz  
Throughput: 54.6 Mbps","{'slice_type': 'URLLC', 'cqi': 15, 'bandwidth': 2.73, 'throughput': 41.32}",0.6749999999999999,0.0017617000000000002
"You are a 5G network slicing expert. Your task is to allocate network resources for a new user joining the network.

=== NETWORK STATE ===
- eMBB Slice: 2 active users (Total capacity: 90 MHz)
- URLLC Slice: 6 active users (Total capacity: 30 MHz)

=== NEW USER INFORMATION ===
- User Position: (-55.25, 77.98) meters (local coordinates)
- Region: HKUST_Center
- Service Request: ""I need to download a large game file""

=== IMPORTANT ===
The user's Channel Quality Indicator (CQI) is NOT directly provided.
You MUST call the ray_tracing tool with the user's position and region to obtain the CQI value before performing bandwidth and throughput calculations.

=== YOUR TASK ===
1. Call ray_tracing(user_x=-55.25, user_y=77.98, region=""HKUST_Center"") to obtain the user's CQI
2. Slice Type: Classify the service as eMBB (high bandwidth) or URLLC (low latency)
3. Bandwidth: Calculate using Proportional Fairness - B = SliceCapacity / (ExistingUsers + 1)
4. Throughput: Calculate using Shannon Formula - T = 10 * B * log10(1 + 10^(CQI/10))

=== CONSTRAINTS ===
- eMBB: Bandwidth range [6-20] MHz
- URLLC: Bandwidth range [1-5] MHz

=== OUTPUT FORMAT ===
CQI: [value from ray_tracing tool]
Slice Type: [eMBB or URLLC]
Bandwidth: [value] MHz
Throughput: [value] Mbps","CQI: 12
Slice Type: eMBB
Bandwidth: 30 MHz
Throughput: 150.0 Mbps","{'slice_type': 'eMBB', 'cqi': 15, 'bandwidth': 20.0, 'throughput': 302.7}",0.35000000000000003,0.00160745
"You are a 5G network slicing expert. Your task is to allocate network resources for a new user joining the network.

=== NETWORK STATE ===
- eMBB Slice: 7 active users (Total capacity: 90 MHz)
- URLLC Slice: 2 active users (Total capacity: 30 MHz)

=== NEW USER INFORMATION ===
- User Position: (-6.73, 135.55) meters (local coordinates)
- Region: HKUST_Center
- Service Request: ""I want to use augmented reality navigation""

=== IMPORTANT ===
The user's Channel Quality Indicator (CQI) is NOT directly provided.
You MUST call the ray_tracing tool with the user's position and region to obtain the CQI value before performing bandwidth and throughput calculations.

=== YOUR TASK ===
1. Call ray_tracing(user_x=-6.73, user_y=135.55, region=""HKUST_Center"") to obtain the user's CQI
2. Slice Type: Classify the service as eMBB (high bandwidth) or URLLC (low latency)
3. Bandwidth: Calculate using Proportional Fairness - B = SliceCapacity / (ExistingUsers + 1)
4. Throughput: Calculate using Shannon Formula - T = 10 * B * log10(1 + 10^(CQI/10))

=== CONSTRAINTS ===
- eMBB: Bandwidth range [6-20] MHz
- URLLC: Bandwidth range [1-5] MHz

=== OUTPUT FORMAT ===
CQI: [value from ray_tracing tool]
Slice Type: [eMBB or URLLC]
Bandwidth: [value] MHz
Throughput: [value] Mbps","CQI: 12
Slice Type: eMBB
Bandwidth: 10 MHz
Throughput: 40.0 Mbps","{'slice_type': 'eMBB', 'cqi': 15, 'bandwidth': 11.25, 'throughput': 170.27}",0.525,0.00396685
"You are a 5G network slicing expert. Your task is to allocate network resources for a new user joining the network.

=== NETWORK STATE ===
- eMBB Slice: 12 active users (Total capacity: 90 MHz)
- URLLC Slice: 2 active users (Total capacity: 30 MHz)

=== NEW USER INFORMATION ===
- User Position: (-40.98, -40.36) meters (local coordinates)
- Region: HKUST_Center
- Service Request: ""I want to monitor home security cameras""

=== IMPORTANT ===
The user's Channel Quality Indicator (CQI) is NOT directly provided.
You MUST call the ray_tracing tool with the user's position and region to obtain the CQI value before performing bandwidth and throughput calculations.

=== YOUR TASK ===
1. Call ray_tracing(user_x=-40.98, user_y=-40.36, region=""HKUST_Center"") to obtain the user's CQI
2. Slice Type: Classify the service as eMBB (high bandwidth) or URLLC (low latency)
3. Bandwidth: Calculate using Proportional Fairness - B = SliceCapacity / (ExistingUsers + 1)
4. Throughput: Calculate using Shannon Formula - T = 10 * B * log10(1 + 10^(CQI/10))

=== CONSTRAINTS ===
- eMBB: Bandwidth range [6-20] MHz
- URLLC: Bandwidth range [1-5] MHz

=== OUTPUT FORMAT ===
CQI: [value from ray_tracing tool]
Slice Type: [eMBB or URLLC]
Bandwidth: [value] MHz
Throughput: [value] Mbps","CQI: 22
Slice Type: eMBB
Bandwidth: 6 MHz
Throughput: 120 Mbps","{'slice_type': 'eMBB', 'cqi': 15, 'bandwidth': 6.92, 'throughput': 104.74}",0.6699999999999999,0.0023354000000000005
"You are a 5G network slicing expert. Your task is to allocate network resources for a new user joining the network.

=== NETWORK STATE ===
- eMBB Slice: 4 active users (Total capacity: 90 MHz)
- URLLC Slice: 7 active users (Total capacity: 30 MHz)

=== NEW USER INFORMATION ===
- User Position: (-5.78, 12.67) meters (local coordinates)
- Region: HKUST_North
- Service Request: ""I want to stream music while browsing social media""

=== IMPORTANT ===
The user's Channel Quality Indicator (CQI) is NOT directly provided.
You MUST call the ray_tracing tool with the user's position and region to obtain the CQI value before performing bandwidth and throughput calculations.

=== YOUR TASK ===
1. Call ray_tracing(user_x=-5.78, user_y=12.67, region=""HKUST_North"") to obtain the user's CQI
2. Slice Type: Classify the service as eMBB (high bandwidth) or URLLC (low latency)
3. Bandwidth: Calculate using Proportional Fairness - B = SliceCapacity / (ExistingUsers + 1)
4. Throughput: Calculate using Shannon Formula - T = 10 * B * log10(1 + 10^(CQI/10))

=== CONSTRAINTS ===
- eMBB: Bandwidth range [6-20] MHz
- URLLC: Bandwidth range [1-5] MHz

=== OUTPUT FORMAT ===
CQI: [value from ray_tracing tool]
Slice Type: [eMBB or URLLC]
Bandwidth: [value] MHz
Throughput: [value] Mbps","CQI: 12
Slice Type: eMBB
Bandwidth: 15 MHz
Throughput: 60 Mbps","{'slice_type': 'eMBB', 'cqi': 15, 'bandwidth': 18.0, 'throughput': 272.43}",0.525,0.00362485
"You are a 5G network slicing expert. Your task is to allocate network resources for a new user joining the network.

=== NETWORK STATE ===
- eMBB Slice: 4 active users (Total capacity: 90 MHz)
- URLLC Slice: 4 active users (Total capacity: 30 MHz)

=== NEW USER INFORMATION ===
- User Position: (-60.9, 127.67) meters (local coordinates)
- Region: HKUST_Center
- Service Request: ""I need to control a robotic arm in real time""

=== IMPORTANT ===
The user's Channel Quality Indicator (CQI) is NOT directly provided.
You MUST call the ray_tracing tool with the user's position and region to obtain the CQI value before performing bandwidth and throughput calculations.

=== YOUR TASK ===
1. Call ray_tracing(user_x=-60.9, user_y=127.67, region=""HKUST_Center"") to obtain the user's CQI
2. Slice Type: Classify the service as eMBB (high bandwidth) or URLLC (low latency)
3. Bandwidth: Calculate using Proportional Fairness - B = SliceCapacity / (ExistingUsers + 1)
4. Throughput: Calculate using Shannon Formula - T = 10 * B * log10(1 + 10^(CQI/10))

=== CONSTRAINTS ===
- eMBB: Bandwidth range [6-20] MHz
- URLLC: Bandwidth range [1-5] MHz

=== OUTPUT FORMAT ===
CQI: [value from ray_tracing tool]
Slice Type: [eMBB or URLLC]
Bandwidth: [value] MHz
Throughput: [value] Mbps","CQI: 18
Slice Type: URLLC
Bandwidth: 5 MHz
Throughput: 72.2 Mbps","{'slice_type': 'URLLC', 'cqi': 15, 'bandwidth': 5.0, 'throughput': 75.68}",0.8374999999999999,0.0021825000000000004
"You are a 5G network slicing expert. Your task is to allocate network resources for a new user joining the network.

=== NETWORK STATE ===
- eMBB Slice: 8 active users (Total capacity: 90 MHz)
- URLLC Slice: 9 active users (Total capacity: 30 MHz)

=== NEW USER INFORMATION ===
- User Position: (-228.66, 36.77) meters (local coordinates)
- Region: HKUST_Center
- Service Request: ""I need real-time manufacturing control""

=== IMPORTANT ===
The user's Channel Quality Indicator (CQI) is NOT directly provided.
You MUST call the ray_tracing tool with the user's position and region to obtain the CQI value before performing bandwidth and throughput calculations.

=== YOUR TASK ===
1. Call ray_tracing(user_x=-228.66, user_y=36.77, region=""HKUST_Center"") to obtain the user's CQI
2. Slice Type: Classify the service as eMBB (high bandwidth) or URLLC (low latency)
3. Bandwidth: Calculate using Proportional Fairness - B = SliceCapacity / (ExistingUsers + 1)
4. Throughput: Calculate using Shannon Formula - T = 10 * B * log10(1 + 10^(CQI/10))

=== CONSTRAINTS ===
- eMBB: Bandwidth range [6-20] MHz
- URLLC: Bandwidth range [1-5] MHz

=== OUTPUT FORMAT ===
CQI: [value from ray_tracing tool]
Slice Type: [eMBB or URLLC]
Bandwidth: [value] MHz
Throughput: [value] Mbps","CQI: 12
Slice Type: URLLC
Bandwidth: 3 MHz
Throughput: 30 Mbps","{'slice_type': 'URLLC', 'cqi': 6, 'bandwidth': 3.0, 'throughput': 20.92}",0.6749999999999999,0.0035115000000000003
"You are a 5G network slicing expert. Your task is to allocate network resources for a new user joining the network.

=== NETWORK STATE ===
- eMBB Slice: 7 active users (Total capacity: 90 MHz)
- URLLC Slice: 8 active users (Total capacity: 30 MHz)

=== NEW USER INFORMATION ===
- User Position: (-27.7, 21.82) meters (local coordinates)
- Region: HKUST_South
- Service Request: ""I want to stream 8K video content""

=== IMPORTANT ===
The user's Channel Quality Indicator (CQI) is NOT directly provided.
You MUST call the ray_tracing tool with the user's position and region to obtain the CQI value before performing bandwidth and throughput calculations.

=== YOUR TASK ===
1. Call ray_tracing(user_x=-27.7, user_y=21.82, region=""HKUST_South"") to obtain the user's CQI
2. Slice Type: Classify the service as eMBB (high bandwidth) or URLLC (low latency)
3. Bandwidth: Calculate using Proportional Fairness - B = SliceCapacity / (ExistingUsers + 1)
4. Throughput: Calculate using Shannon Formula - T = 10 * B * log10(1 + 10^(CQI/10))

=== CONSTRAINTS ===
- eMBB: Bandwidth range [6-20] MHz
- URLLC: Bandwidth range [1-5] MHz

=== OUTPUT FORMAT ===
CQI: [value from ray_tracing tool]
Slice Type: [eMBB or URLLC]
Bandwidth: [value] MHz
Throughput: [value] Mbps","CQI: 12
Slice Type: eMBB
Bandwidth: 10 MHz
Throughput: 130 Mbps","{'slice_type': 'eMBB', 'cqi': 15, 'bandwidth': 11.25, 'throughput': 170.27}",0.65,0.0029426000000000005
"You are a 5G network slicing expert. Your task is to allocate network resources for a new user joining the network.

=== NETWORK STATE ===
- eMBB Slice: 6 active users (Total capacity: 90 MHz)
- URLLC Slice: 2 active users (Total capacity: 30 MHz)

=== NEW USER INFORMATION ===
- User Position: (-61.91, 54.07) meters (local coordinates)
- Region: HKUST_Center
- Service Request: ""I need holographic communication""

=== IMPORTANT ===
The user's Channel Quality Indicator (CQI) is NOT directly provided.
You MUST call the ray_tracing tool with the user's position and region to obtain the CQI value before performing bandwidth and throughput calculations.

=== YOUR TASK ===
1. Call ray_tracing(user_x=-61.91, user_y=54.07, region=""HKUST_Center"") to obtain the user's CQI
2. Slice Type: Classify the service as eMBB (high bandwidth) or URLLC (low latency)
3. Bandwidth: Calculate using Proportional Fairness - B = SliceCapacity / (ExistingUsers + 1)
4. Throughput: Calculate using Shannon Formula - T = 10 * B * log10(1 + 10^(CQI/10))

=== CONSTRAINTS ===
- eMBB: Bandwidth range [6-20] MHz
- URLLC: Bandwidth range [1-5] MHz

=== OUTPUT FORMAT ===
CQI: [value from ray_tracing tool]
Slice Type: [eMBB or URLLC]
Bandwidth: [value] MHz
Throughput: [value] Mbps","CQI: 12  
Slice Type: eMBB  
Bandwidth: 10 MHz  
Throughput: 40 Mbps","{'slice_type': 'eMBB', 'cqi': 15, 'bandwidth': 12.86, 'throughput': 194.64}",0.455,0.002485550000000001
"You are a 5G network slicing expert. Your task is to allocate network resources for a new user joining the network.

=== NETWORK STATE ===
- eMBB Slice: 5 active users (Total capacity: 90 MHz)
- URLLC Slice: 4 active users (Total capacity: 30 MHz)

=== NEW USER INFORMATION ===
- User Position: (-67.11, -3.16) meters (local coordinates)
- Region: HKUST_North
- Service Request: ""I need to monitor IoT sensors in real-time""

=== IMPORTANT ===
The user's Channel Quality Indicator (CQI) is NOT directly provided.
You MUST call the ray_tracing tool with the user's position and region to obtain the CQI value before performing bandwidth and throughput calculations.

=== YOUR TASK ===
1. Call ray_tracing(user_x=-67.11, user_y=-3.16, region=""HKUST_North"") to obtain the user's CQI
2. Slice Type: Classify the service as eMBB (high bandwidth) or URLLC (low latency)
3. Bandwidth: Calculate using Proportional Fairness - B = SliceCapacity / (ExistingUsers + 1)
4. Throughput: Calculate using Shannon Formula - T = 10 * B * log10(1 + 10^(CQI/10))

=== CONSTRAINTS ===
- eMBB: Bandwidth range [6-20] MHz
- URLLC: Bandwidth range [1-5] MHz

=== OUTPUT FORMAT ===
CQI: [value from ray_tracing tool]
Slice Type: [eMBB or URLLC]
Bandwidth: [value] MHz
Throughput: [value] Mbps","CQI: 12
Slice Type: URLLC
Bandwidth: 5 MHz
Throughput: 50.0 Mbps","{'slice_type': 'URLLC', 'cqi': 15, 'bandwidth': 5.0, 'throughput': 75.68}",0.705,0.0022203500000000003
"You are a 5G network slicing expert. Your task is to allocate network resources for a new user joining the network.

=== NETWORK STATE ===
- eMBB Slice: 8 active users (Total capacity: 90 MHz)
- URLLC Slice: 4 active users (Total capacity: 30 MHz)

=== NEW USER INFORMATION ===
- User Position: (-54.35, 17.17) meters (local coordinates)
- Region: HKUST_South
- Service Request: ""I want to monitor home security cameras""

=== IMPORTANT ===
The user's Channel Quality Indicator (CQI) is NOT directly provided.
You MUST call the ray_tracing tool with the user's position and region to obtain the CQI value before performing bandwidth and throughput calculations.

=== YOUR TASK ===
1. Call ray_tracing(user_x=-54.35, user_y=17.17, region=""HKUST_South"") to obtain the user's CQI
2. Slice Type: Classify the service as eMBB (high bandwidth) or URLLC (low latency)
3. Bandwidth: Calculate using Proportional Fairness - B = SliceCapacity / (ExistingUsers + 1)
4. Throughput: Calculate using Shannon Formula - T = 10 * B * log10(1 + 10^(CQI/10))

=== CONSTRAINTS ===
- eMBB: Bandwidth range [6-20] MHz
- URLLC: Bandwidth range [1-5] MHz

=== OUTPUT FORMAT ===
CQI: [value from ray_tracing tool]
Slice Type: [eMBB or URLLC]
Bandwidth: [value] MHz
Throughput: [value] Mbps","CQI: 12
Slice Type: eMBB
Bandwidth: 10 MHz
Throughput: 40 Mbps","{'slice_type': 'eMBB', 'cqi': 15, 'bandwidth': 10.0, 'throughput': 151.35}",0.63,0.0023726500000000005
"You are a 5G network slicing expert. Your task is to allocate network resources for a new user joining the network.

=== NETWORK STATE ===
- eMBB Slice: 12 active users (Total capacity: 90 MHz)
- URLLC Slice: 7 active users (Total capacity: 30 MHz)

=== NEW USER INFORMATION ===
- User Position: (-180.24, 60.64) meters (local coordinates)
- Region: HKUST_Center
- Service Request: ""I need video analytics services""

=== IMPORTANT ===
The user's Channel Quality Indicator (CQI) is NOT directly provided.
You MUST call the ray_tracing tool with the user's position and region to obtain the CQI value before performing bandwidth and throughput calculations.

=== YOUR TASK ===
1. Call ray_tracing(user_x=-180.24, user_y=60.64, region=""HKUST_Center"") to obtain the user's CQI
2. Slice Type: Classify the service as eMBB (high bandwidth) or URLLC (low latency)
3. Bandwidth: Calculate using Proportional Fairness - B = SliceCapacity / (ExistingUsers + 1)
4. Throughput: Calculate using Shannon Formula - T = 10 * B * log10(1 + 10^(CQI/10))

=== CONSTRAINTS ===
- eMBB: Bandwidth range [6-20] MHz
- URLLC: Bandwidth range [1-5] MHz

=== OUTPUT FORMAT ===
CQI: [value from ray_tracing tool]
Slice Type: [eMBB or URLLC]
Bandwidth: [value] MHz
Throughput: [value] Mbps","CQI: 18
Slice Type: eMBB
Bandwidth: 6.0 MHz
Throughput: 96.0 Mbps","{'slice_type': 'eMBB', 'cqi': 8, 'bandwidth': 6.92, 'throughput': 59.78}",0.495,0.00389045
"You are a 5G network slicing expert. Your task is to allocate network resources for a new user joining the network.

=== NETWORK STATE ===
- eMBB Slice: 3 active users (Total capacity: 90 MHz)
- URLLC Slice: 7 active users (Total capacity: 30 MHz)

=== NEW USER INFORMATION ===
- User Position: (-241.46, -50.86) meters (local coordinates)
- Region: HKUST_Center
- Service Request: ""I need real-time patient vital signs monitoring""

=== IMPORTANT ===
The user's Channel Quality Indicator (CQI) is NOT directly provided.
You MUST call the ray_tracing tool with the user's position and region to obtain the CQI value before performing bandwidth and throughput calculations.

=== YOUR TASK ===
1. Call ray_tracing(user_x=-241.46, user_y=-50.86, region=""HKUST_Center"") to obtain the user's CQI
2. Slice Type: Classify the service as eMBB (high bandwidth) or URLLC (low latency)
3. Bandwidth: Calculate using Proportional Fairness - B = SliceCapacity / (ExistingUsers + 1)
4. Throughput: Calculate using Shannon Formula - T = 10 * B * log10(1 + 10^(CQI/10))

=== CONSTRAINTS ===
- eMBB: Bandwidth range [6-20] MHz
- URLLC: Bandwidth range [1-5] MHz

=== OUTPUT FORMAT ===
CQI: [value from ray_tracing tool]
Slice Type: [eMBB or URLLC]
Bandwidth: [value] MHz
Throughput: [value] Mbps","CQI: 22  
Slice Type: URLLC  
Bandwidth: 3.75 MHz  
Throughput: 120.0 Mbps","{'slice_type': 'URLLC', 'cqi': 15, 'bandwidth': 3.75, 'throughput': 56.76}",0.6,0.0050747
"You are a 5G network slicing expert. Your task is to allocate network resources for a new user joining the network.

=== NETWORK STATE ===
- eMBB Slice: 3 active users (Total capacity: 90 MHz)
- URLLC Slice: 8 active users (Total capacity: 30 MHz)

=== NEW USER INFORMATION ===
- User Position: (109.97, -7.57) meters (local coordinates)
- Region: HKUST_South
- Service Request: ""I want to stream music while browsing social media""

=== IMPORTANT ===
The user's Channel Quality Indicator (CQI) is NOT directly provided.
You MUST call the ray_tracing tool with the user's position and region to obtain the CQI value before performing bandwidth and throughput calculations.

=== YOUR TASK ===
1. Call ray_tracing(user_x=109.97, user_y=-7.57, region=""HKUST_South"") to obtain the user's CQI
2. Slice Type: Classify the service as eMBB (high bandwidth) or URLLC (low latency)
3. Bandwidth: Calculate using Proportional Fairness - B = SliceCapacity / (ExistingUsers + 1)
4. Throughput: Calculate using Shannon Formula - T = 10 * B * log10(1 + 10^(CQI/10))

=== CONSTRAINTS ===
- eMBB: Bandwidth range [6-20] MHz
- URLLC: Bandwidth range [1-5] MHz

=== OUTPUT FORMAT ===
CQI: [value from ray_tracing tool]
Slice Type: [eMBB or URLLC]
Bandwidth: [value] MHz
Throughput: [value] Mbps","CQI: 12
Slice Type: eMBB
Bandwidth: 15 MHz
Throughput: 60 Mbps","{'slice_type': 'eMBB', 'cqi': 12, 'bandwidth': 20.0, 'throughput': 245.31}",0.575,0.00419285
"You are a 5G network slicing expert. Your task is to allocate network resources for a new user joining the network.

=== NETWORK STATE ===
- eMBB Slice: 3 active users (Total capacity: 90 MHz)
- URLLC Slice: 8 active users (Total capacity: 30 MHz)

=== NEW USER INFORMATION ===
- User Position: (70.09, 61.13) meters (local coordinates)
- Region: HKUST_North
- Service Request: ""I need remote surgery equipment control""

=== IMPORTANT ===
The user's Channel Quality Indicator (CQI) is NOT directly provided.
You MUST call the ray_tracing tool with the user's position and region to obtain the CQI value before performing bandwidth and throughput calculations.

=== YOUR TASK ===
1. Call ray_tracing(user_x=70.09, user_y=61.13, region=""HKUST_North"") to obtain the user's CQI
2. Slice Type: Classify the service as eMBB (high bandwidth) or URLLC (low latency)
3. Bandwidth: Calculate using Proportional Fairness - B = SliceCapacity / (ExistingUsers + 1)
4. Throughput: Calculate using Shannon Formula - T = 10 * B * log10(1 + 10^(CQI/10))

=== CONSTRAINTS ===
- eMBB: Bandwidth range [6-20] MHz
- URLLC: Bandwidth range [1-5] MHz

=== OUTPUT FORMAT ===
CQI: [value from ray_tracing tool]
Slice Type: [eMBB or URLLC]
Bandwidth: [value] MHz
Throughput: [value] Mbps","CQI: 12
Slice Type: URLLC
Bandwidth: 3.75 MHz
Throughput: 45.0 Mbps","{'slice_type': 'URLLC', 'cqi': 15, 'bandwidth': 3.33, 'throughput': 50.4}",0.7,0.005268299999999999
"You are a 5G network slicing expert. Your task is to allocate network resources for a new user joining the network.

=== NETWORK STATE ===
- eMBB Slice: 7 active users (Total capacity: 90 MHz)
- URLLC Slice: 5 active users (Total capacity: 30 MHz)

=== NEW USER INFORMATION ===
- User Position: (22.52, -40.92) meters (local coordinates)
- Region: HKUST_South
- Service Request: ""I want to use augmented reality navigation""

=== IMPORTANT ===
The user's Channel Quality Indicator (CQI) is NOT directly provided.
You MUST call the ray_tracing tool with the user's position and region to obtain the CQI value before performing bandwidth and throughput calculations.

=== YOUR TASK ===
1. Call ray_tracing(user_x=22.52, user_y=-40.92, region=""HKUST_South"") to obtain the user's CQI
2. Slice Type: Classify the service as eMBB (high bandwidth) or URLLC (low latency)
3. Bandwidth: Calculate using Proportional Fairness - B = SliceCapacity / (ExistingUsers + 1)
4. Throughput: Calculate using Shannon Formula - T = 10 * B * log10(1 + 10^(CQI/10))

=== CONSTRAINTS ===
- eMBB: Bandwidth range [6-20] MHz
- URLLC: Bandwidth range [1-5] MHz

=== OUTPUT FORMAT ===
CQI: [value from ray_tracing tool]
Slice Type: [eMBB or URLLC]
Bandwidth: [value] MHz
Throughput: [value] Mbps","CQI: 12
Slice Type: eMBB
Bandwidth: 10 MHz
Throughput: 40 Mbps","{'slice_type': 'eMBB', 'cqi': 15, 'bandwidth': 11.25, 'throughput': 170.27}",0.525,0.0046505
"You are a 5G network slicing expert. Your task is to allocate network resources for a new user joining the network.

=== NETWORK STATE ===
- eMBB Slice: 10 active users (Total capacity: 90 MHz)
- URLLC Slice: 5 active users (Total capacity: 30 MHz)

=== NEW USER INFORMATION ===
- User Position: (16.57, -22.64) meters (local coordinates)
- Region: HKUST_North
- Service Request: ""I need factory robot synchronization""

=== IMPORTANT ===
The user's Channel Quality Indicator (CQI) is NOT directly provided.
You MUST call the ray_tracing tool with the user's position and region to obtain the CQI value before performing bandwidth and throughput calculations.

=== YOUR TASK ===
1. Call ray_tracing(user_x=16.57, user_y=-22.64, region=""HKUST_North"") to obtain the user's CQI
2. Slice Type: Classify the service as eMBB (high bandwidth) or URLLC (low latency)
3. Bandwidth: Calculate using Proportional Fairness - B = SliceCapacity / (ExistingUsers + 1)
4. Throughput: Calculate using Shannon Formula - T = 10 * B * log10(1 + 10^(CQI/10))

=== CONSTRAINTS ===
- eMBB: Bandwidth range [6-20] MHz
- URLLC: Bandwidth range [1-5] MHz

=== OUTPUT FORMAT ===
CQI: [value from ray_tracing tool]
Slice Type: [eMBB or URLLC]
Bandwidth: [value] MHz
Throughput: [value] Mbps","CQI: 22
Slice Type: URLLC
Bandwidth: 5 MHz
Throughput: 100 Mbps","{'slice_type': 'URLLC', 'cqi': 15, 'bandwidth': 5.0, 'throughput': 75.68}",0.6749999999999999,0.005655449999999999
"You are a 5G network slicing expert. Your task is to allocate network resources for a new user joining the network.

=== NETWORK STATE ===
- eMBB Slice: 4 active users (Total capacity: 90 MHz)
- URLLC Slice: 5 active users (Total capacity: 30 MHz)

=== NEW USER INFORMATION ===
- User Position: (114.95, 117.0) meters (local coordinates)
- Region: HKUST_South
- Service Request: ""I need to download a large game file""

=== IMPORTANT ===
The user's Channel Quality Indicator (CQI) is NOT directly provided.
You MUST call the ray_tracing tool with the user's position and region to obtain the CQI value before performing bandwidth and throughput calculations.

=== YOUR TASK ===
1. Call ray_tracing(user_x=114.95, user_y=117.0, region=""HKUST_South"") to obtain the user's CQI
2. Slice Type: Classify the service as eMBB (high bandwidth) or URLLC (low latency)
3. Bandwidth: Calculate using Proportional Fairness - B = SliceCapacity / (ExistingUsers + 1)
4. Throughput: Calculate using Shannon Formula - T = 10 * B * log10(1 + 10^(CQI/10))

=== CONSTRAINTS ===
- eMBB: Bandwidth range [6-20] MHz
- URLLC: Bandwidth range [1-5] MHz

=== OUTPUT FORMAT ===
CQI: [value from ray_tracing tool]
Slice Type: [eMBB or URLLC]
Bandwidth: [value] MHz
Throughput: [value] Mbps","CQI: 12
Slice Type: eMBB
Bandwidth: 15 MHz
Throughput: 120 Mbps","{'slice_type': 'eMBB', 'cqi': 9, 'bandwidth': 18.0, 'throughput': 171.27}",0.65,0.0045765
"You are a 5G network slicing expert. Your task is to allocate network resources for a new user joining the network.

=== NETWORK STATE ===
- eMBB Slice: 12 active users (Total capacity: 90 MHz)
- URLLC Slice: 3 active users (Total capacity: 30 MHz)

=== NEW USER INFORMATION ===
- User Position: (-39.51, -18.6) meters (local coordinates)
- Region: HKUST_North
- Service Request: ""I want to download software updates""

=== IMPORTANT ===
The user's Channel Quality Indicator (CQI) is NOT directly provided.
You MUST call the ray_tracing tool with the user's position and region to obtain the CQI value before performing bandwidth and throughput calculations.

=== YOUR TASK ===
1. Call ray_tracing(user_x=-39.51, user_y=-18.6, region=""HKUST_North"") to obtain the user's CQI
2. Slice Type: Classify the service as eMBB (high bandwidth) or URLLC (low latency)
3. Bandwidth: Calculate using Proportional Fairness - B = SliceCapacity / (ExistingUsers + 1)
4. Throughput: Calculate using Shannon Formula - T = 10 * B * log10(1 + 10^(CQI/10))

=== CONSTRAINTS ===
- eMBB: Bandwidth range [6-20] MHz
- URLLC: Bandwidth range [1-5] MHz

=== OUTPUT FORMAT ===
CQI: [value from ray_tracing tool]
Slice Type: [eMBB or URLLC]
Bandwidth: [value] MHz
Throughput: [value] Mbps","CQI: 12
Slice Type: eMBB
Bandwidth: 6 MHz
Throughput: 72.0 Mbps","{'slice_type': 'eMBB', 'cqi': 15, 'bandwidth': 6.92, 'throughput': 104.74}",0.6,0.00468825
"You are a 5G network slicing expert. Your task is to allocate network resources for a new user joining the network.

=== NETWORK STATE ===
- eMBB Slice: 11 active users (Total capacity: 90 MHz)
- URLLC Slice: 9 active users (Total capacity: 30 MHz)

=== NEW USER INFORMATION ===
- User Position: (-94.19, 101.05) meters (local coordinates)
- Region: HKUST_Center
- Service Request: ""I need power grid fault detection""

=== IMPORTANT ===
The user's Channel Quality Indicator (CQI) is NOT directly provided.
You MUST call the ray_tracing tool with the user's position and region to obtain the CQI value before performing bandwidth and throughput calculations.

=== YOUR TASK ===
1. Call ray_tracing(user_x=-94.19, user_y=101.05, region=""HKUST_Center"") to obtain the user's CQI
2. Slice Type: Classify the service as eMBB (high bandwidth) or URLLC (low latency)
3. Bandwidth: Calculate using Proportional Fairness - B = SliceCapacity / (ExistingUsers + 1)
4. Throughput: Calculate using Shannon Formula - T = 10 * B * log10(1 + 10^(CQI/10))

=== CONSTRAINTS ===
- eMBB: Bandwidth range [6-20] MHz
- URLLC: Bandwidth range [1-5] MHz

=== OUTPUT FORMAT ===
CQI: [value from ray_tracing tool]
Slice Type: [eMBB or URLLC]
Bandwidth: [value] MHz
Throughput: [value] Mbps","CQI: 12
Slice Type: URLLC
Bandwidth: 3 MHz
Throughput: 30 Mbps","{'slice_type': 'URLLC', 'cqi': 10, 'bandwidth': 3.0, 'throughput': 31.24}",0.9125000000000001,0.00461325
"You are a 5G network slicing expert. Your task is to allocate network resources for a new user joining the network.

=== NETWORK STATE ===
- eMBB Slice: 7 active users (Total capacity: 90 MHz)
- URLLC Slice: 7 active users (Total capacity: 30 MHz)

=== NEW USER INFORMATION ===
- User Position: (-45.66, 148.97) meters (local coordinates)
- Region: HKUST_Center
- Service Request: ""I need to participate in a video conference""

=== IMPORTANT ===
The user's Channel Quality Indicator (CQI) is NOT directly provided.
You MUST call the ray_tracing tool with the user's position and region to obtain the CQI value before performing bandwidth and throughput calculations.

=== YOUR TASK ===
1. Call ray_tracing(user_x=-45.66, user_y=148.97, region=""HKUST_Center"") to obtain the user's CQI
2. Slice Type: Classify the service as eMBB (high bandwidth) or URLLC (low latency)
3. Bandwidth: Calculate using Proportional Fairness - B = SliceCapacity / (ExistingUsers + 1)
4. Throughput: Calculate using Shannon Formula - T = 10 * B * log10(1 + 10^(CQI/10))

=== CONSTRAINTS ===
- eMBB: Bandwidth range [6-20] MHz
- URLLC: Bandwidth range [1-5] MHz

=== OUTPUT FORMAT ===
CQI: [value from ray_tracing tool]
Slice Type: [eMBB or URLLC]
Bandwidth: [value] MHz
Throughput: [value] Mbps","CQI: 12
Slice Type: eMBB
Bandwidth: 10 MHz
Throughput: 60.0 Mbps","{'slice_type': 'eMBB', 'cqi': 15, 'bandwidth': 11.25, 'throughput': 170.27}",0.525,0.0003439
"You are a 5G network slicing expert. Your task is to allocate network resources for a new user joining the network.

=== NETWORK STATE ===
- eMBB Slice: 10 active users (Total capacity: 90 MHz)
- URLLC Slice: 3 active users (Total capacity: 30 MHz)

=== NEW USER INFORMATION ===
- User Position: (-11.23, -119.81) meters (local coordinates)
- Region: HKUST_South
- Service Request: ""I need cloud-based AI image processing""

=== IMPORTANT ===
The user's Channel Quality Indicator (CQI) is NOT directly provided.
You MUST call the ray_tracing tool with the user's position and region to obtain the CQI value before performing bandwidth and throughput calculations.

=== YOUR TASK ===
1. Call ray_tracing(user_x=-11.23, user_y=-119.81, region=""HKUST_South"") to obtain the user's CQI
2. Slice Type: Classify the service as eMBB (high bandwidth) or URLLC (low latency)
3. Bandwidth: Calculate using Proportional Fairness - B = SliceCapacity / (ExistingUsers + 1)
4. Throughput: Calculate using Shannon Formula - T = 10 * B * log10(1 + 10^(CQI/10))

=== CONSTRAINTS ===
- eMBB: Bandwidth range [6-20] MHz
- URLLC: Bandwidth range [1-5] MHz

=== OUTPUT FORMAT ===
CQI: [value from ray_tracing tool]
Slice Type: [eMBB or URLLC]
Bandwidth: [value] MHz
Throughput: [value] Mbps","CQI: 12
Slice Type: eMBB
Bandwidth: 9.0 MHz
Throughput: 63.0 Mbps","{'slice_type': 'eMBB', 'cqi': 11, 'bandwidth': 8.18, 'throughput': 92.7}",0.69,0.0008766000000000002
"You are a 5G network slicing expert. Your task is to allocate network resources for a new user joining the network.

=== NETWORK STATE ===
- eMBB Slice: 3 active users (Total capacity: 90 MHz)
- URLLC Slice: 3 active users (Total capacity: 30 MHz)

=== NEW USER INFORMATION ===
- User Position: (-58.92, 51.97) meters (local coordinates)
- Region: HKUST_North
- Service Request: ""I need precision CNC machine control""

=== IMPORTANT ===
The user's Channel Quality Indicator (CQI) is NOT directly provided.
You MUST call the ray_tracing tool with the user's position and region to obtain the CQI value before performing bandwidth and throughput calculations.

=== YOUR TASK ===
1. Call ray_tracing(user_x=-58.92, user_y=51.97, region=""HKUST_North"") to obtain the user's CQI
2. Slice Type: Classify the service as eMBB (high bandwidth) or URLLC (low latency)
3. Bandwidth: Calculate using Proportional Fairness - B = SliceCapacity / (ExistingUsers + 1)
4. Throughput: Calculate using Shannon Formula - T = 10 * B * log10(1 + 10^(CQI/10))

=== CONSTRAINTS ===
- eMBB: Bandwidth range [6-20] MHz
- URLLC: Bandwidth range [1-5] MHz

=== OUTPUT FORMAT ===
CQI: [value from ray_tracing tool]
Slice Type: [eMBB or URLLC]
Bandwidth: [value] MHz
Throughput: [value] Mbps","CQI: 22
Slice Type: URLLC
Bandwidth: 5 MHz
Throughput: 50.0 Mbps","{'slice_type': 'URLLC', 'cqi': 15, 'bandwidth': 5.0, 'throughput': 75.68}",0.6749999999999999,0.0001538
"You are a 5G network slicing expert. Your task is to allocate network resources for a new user joining the network.

=== NETWORK STATE ===
- eMBB Slice: 2 active users (Total capacity: 90 MHz)
- URLLC Slice: 9 active users (Total capacity: 30 MHz)

=== NEW USER INFORMATION ===
- User Position: (41.18, 34.85) meters (local coordinates)
- Region: HKUST_South
- Service Request: ""I need real-time patient vital signs monitoring""

=== IMPORTANT ===
The user's Channel Quality Indicator (CQI) is NOT directly provided.
You MUST call the ray_tracing tool with the user's position and region to obtain the CQI value before performing bandwidth and throughput calculations.

=== YOUR TASK ===
1. Call ray_tracing(user_x=41.18, user_y=34.85, region=""HKUST_South"") to obtain the user's CQI
2. Slice Type: Classify the service as eMBB (high bandwidth) or URLLC (low latency)
3. Bandwidth: Calculate using Proportional Fairness - B = SliceCapacity / (ExistingUsers + 1)
4. Throughput: Calculate using Shannon Formula - T = 10 * B * log10(1 + 10^(CQI/10))

=== CONSTRAINTS ===
- eMBB: Bandwidth range [6-20] MHz
- URLLC: Bandwidth range [1-5] MHz

=== OUTPUT FORMAT ===
CQI: [value from ray_tracing tool]
Slice Type: [eMBB or URLLC]
Bandwidth: [value] MHz
Throughput: [value] Mbps","CQI: 12
Slice Type: URLLC
Bandwidth: 3 MHz
Throughput: 30.0 Mbps","{'slice_type': 'URLLC', 'cqi': 15, 'bandwidth': 3.0, 'throughput': 45.41}",0.705,0.00156835
"You are a 5G network slicing expert. Your task is to allocate network resources for a new user joining the network.

=== NETWORK STATE ===
- eMBB Slice: 9 active users (Total capacity: 90 MHz)
- URLLC Slice: 3 active users (Total capacity: 30 MHz)

=== NEW USER INFORMATION ===
- User Position: (-91.82, 143.02) meters (local coordinates)
- Region: HKUST_Center
- Service Request: ""I need real-time fraud detection""

=== IMPORTANT ===
The user's Channel Quality Indicator (CQI) is NOT directly provided.
You MUST call the ray_tracing tool with the user's position and region to obtain the CQI value before performing bandwidth and throughput calculations.

=== YOUR TASK ===
1. Call ray_tracing(user_x=-91.82, user_y=143.02, region=""HKUST_Center"") to obtain the user's CQI
2. Slice Type: Classify the service as eMBB (high bandwidth) or URLLC (low latency)
3. Bandwidth: Calculate using Proportional Fairness - B = SliceCapacity / (ExistingUsers + 1)
4. Throughput: Calculate using Shannon Formula - T = 10 * B * log10(1 + 10^(CQI/10))

=== CONSTRAINTS ===
- eMBB: Bandwidth range [6-20] MHz
- URLLC: Bandwidth range [1-5] MHz

=== OUTPUT FORMAT ===
CQI: [value from ray_tracing tool]
Slice Type: [eMBB or URLLC]
Bandwidth: [value] MHz
Throughput: [value] Mbps","CQI: 12
Slice Type: URLLC
Bandwidth: 5 MHz
Throughput: 50.0 Mbps","{'slice_type': 'URLLC', 'cqi': 15, 'bandwidth': 5.0, 'throughput': 75.68}",0.705,0.00153045
"You are a 5G network slicing expert. Your task is to allocate network resources for a new user joining the network.

=== NETWORK STATE ===
- eMBB Slice: 12 active users (Total capacity: 90 MHz)
- URLLC Slice: 4 active users (Total capacity: 30 MHz)

=== NEW USER INFORMATION ===
- User Position: (186.03, -111.07) meters (local coordinates)
- Region: HKUST_South
- Service Request: ""I need remote desktop access""

=== IMPORTANT ===
The user's Channel Quality Indicator (CQI) is NOT directly provided.
You MUST call the ray_tracing tool with the user's position and region to obtain the CQI value before performing bandwidth and throughput calculations.

=== YOUR TASK ===
1. Call ray_tracing(user_x=186.03, user_y=-111.07, region=""HKUST_South"") to obtain the user's CQI
2. Slice Type: Classify the service as eMBB (high bandwidth) or URLLC (low latency)
3. Bandwidth: Calculate using Proportional Fairness - B = SliceCapacity / (ExistingUsers + 1)
4. Throughput: Calculate using Shannon Formula - T = 10 * B * log10(1 + 10^(CQI/10))

=== CONSTRAINTS ===
- eMBB: Bandwidth range [6-20] MHz
- URLLC: Bandwidth range [1-5] MHz

=== OUTPUT FORMAT ===
CQI: [value from ray_tracing tool]
Slice Type: [eMBB or URLLC]
Bandwidth: [value] MHz
Throughput: [value] Mbps","CQI: 12
Slice Type: eMBB
Bandwidth: 6.43 MHz
Throughput: 75.8 Mbps","{'slice_type': 'eMBB', 'cqi': 7, 'bandwidth': 6.92, 'throughput': 53.91}",0.6224999999999999,0.00149255
"You are a 5G network slicing expert. Your task is to allocate network resources for a new user joining the network.

=== NETWORK STATE ===
- eMBB Slice: 11 active users (Total capacity: 90 MHz)
- URLLC Slice: 4 active users (Total capacity: 30 MHz)

=== NEW USER INFORMATION ===
- User Position: (188.43, 25.46) meters (local coordinates)
- Region: HKUST_South
- Service Request: ""I want to browse websites and check email""

=== IMPORTANT ===
The user's Channel Quality Indicator (CQI) is NOT directly provided.
You MUST call the ray_tracing tool with the user's position and region to obtain the CQI value before performing bandwidth and throughput calculations.

=== YOUR TASK ===
1. Call ray_tracing(user_x=188.43, user_y=25.46, region=""HKUST_South"") to obtain the user's CQI
2. Slice Type: Classify the service as eMBB (high bandwidth) or URLLC (low latency)
3. Bandwidth: Calculate using Proportional Fairness - B = SliceCapacity / (ExistingUsers + 1)
4. Throughput: Calculate using Shannon Formula - T = 10 * B * log10(1 + 10^(CQI/10))

=== CONSTRAINTS ===
- eMBB: Bandwidth range [6-20] MHz
- URLLC: Bandwidth range [1-5] MHz

=== OUTPUT FORMAT ===
CQI: [value from ray_tracing tool]
Slice Type: [eMBB or URLLC]
Bandwidth: [value] MHz
Throughput: [value] Mbps","CQI: 12
Slice Type: eMBB
Bandwidth: 8.18 MHz
Throughput: 65.44 Mbps","{'slice_type': 'eMBB', 'cqi': 8, 'bandwidth': 7.5, 'throughput': 64.79}",0.8275,0.0019185500000000002
"You are a 5G network slicing expert. Your task is to allocate network resources for a new user joining the network.

=== NETWORK STATE ===
- eMBB Slice: 12 active users (Total capacity: 90 MHz)
- URLLC Slice: 2 active users (Total capacity: 30 MHz)

=== NEW USER INFORMATION ===
- User Position: (20.19, 103.19) meters (local coordinates)
- Region: HKUST_South
- Service Request: ""I need emergency response coordination""

=== IMPORTANT ===
The user's Channel Quality Indicator (CQI) is NOT directly provided.
You MUST call the ray_tracing tool with the user's position and region to obtain the CQI value before performing bandwidth and throughput calculations.

=== YOUR TASK ===
1. Call ray_tracing(user_x=20.19, user_y=103.19, region=""HKUST_South"") to obtain the user's CQI
2. Slice Type: Classify the service as eMBB (high bandwidth) or URLLC (low latency)
3. Bandwidth: Calculate using Proportional Fairness - B = SliceCapacity / (ExistingUsers + 1)
4. Throughput: Calculate using Shannon Formula - T = 10 * B * log10(1 + 10^(CQI/10))

=== CONSTRAINTS ===
- eMBB: Bandwidth range [6-20] MHz
- URLLC: Bandwidth range [1-5] MHz

=== OUTPUT FORMAT ===
CQI: [value from ray_tracing tool]
Slice Type: [eMBB or URLLC]
Bandwidth: [value] MHz
Throughput: [value] Mbps","CQI: 18
Slice Type: URLLC
Bandwidth: 5 MHz
Throughput: 50 Mbps","{'slice_type': 'URLLC', 'cqi': 15, 'bandwidth': 5.0, 'throughput': 75.68}",0.6749999999999999,0.0009133000000000001
"You are a 5G network slicing expert. Your task is to allocate network resources for a new user joining the network.

=== NETWORK STATE ===
- eMBB Slice: 12 active users (Total capacity: 90 MHz)
- URLLC Slice: 8 active users (Total capacity: 30 MHz)

=== NEW USER INFORMATION ===
- User Position: (-69.42, -107.91) meters (local coordinates)
- Region: HKUST_South
- Service Request: ""I need remote desktop access""

=== IMPORTANT ===
The user's Channel Quality Indicator (CQI) is NOT directly provided.
You MUST call the ray_tracing tool with the user's position and region to obtain the CQI value before performing bandwidth and throughput calculations.

=== YOUR TASK ===
1. Call ray_tracing(user_x=-69.42, user_y=-107.91, region=""HKUST_South"") to obtain the user's CQI
2. Slice Type: Classify the service as eMBB (high bandwidth) or URLLC (low latency)
3. Bandwidth: Calculate using Proportional Fairness - B = SliceCapacity / (ExistingUsers + 1)
4. Throughput: Calculate using Shannon Formula - T = 10 * B * log10(1 + 10^(CQI/10))

=== CONSTRAINTS ===
- eMBB: Bandwidth range [6-20] MHz
- URLLC: Bandwidth range [1-5] MHz

=== OUTPUT FORMAT ===
CQI: [value from ray_tracing tool]
Slice Type: [eMBB or URLLC]
Bandwidth: [value] MHz
Throughput: [value] Mbps","CQI: 12
Slice Type: eMBB
Bandwidth: 6.43 MHz
Throughput: 85.47 Mbps","{'slice_type': 'eMBB', 'cqi': 15, 'bandwidth': 6.92, 'throughput': 104.74}",0.7525,7.8e-05
"You are a 5G network slicing expert. Your task is to allocate network resources for a new user joining the network.

=== NETWORK STATE ===
- eMBB Slice: 4 active users (Total capacity: 90 MHz)
- URLLC Slice: 7 active users (Total capacity: 30 MHz)

=== NEW USER INFORMATION ===
- User Position: (59.11, 69.72) meters (local coordinates)
- Region: HKUST_Center
- Service Request: ""I want to stream 8K video content""

=== IMPORTANT ===
The user's Channel Quality Indicator (CQI) is NOT directly provided.
You MUST call the ray_tracing tool with the user's position and region to obtain the CQI value before performing bandwidth and throughput calculations.

=== YOUR TASK ===
1. Call ray_tracing(user_x=59.11, user_y=69.72, region=""HKUST_Center"") to obtain the user's CQI
2. Slice Type: Classify the service as eMBB (high bandwidth) or URLLC (low latency)
3. Bandwidth: Calculate using Proportional Fairness - B = SliceCapacity / (ExistingUsers + 1)
4. Throughput: Calculate using Shannon Formula - T = 10 * B * log10(1 + 10^(CQI/10))

=== CONSTRAINTS ===
- eMBB: Bandwidth range [6-20] MHz
- URLLC: Bandwidth range [1-5] MHz

=== OUTPUT FORMAT ===
CQI: [value from ray_tracing tool]
Slice Type: [eMBB or URLLC]
Bandwidth: [value] MHz
Throughput: [value] Mbps","CQI: 12
Slice Type: eMBB
Bandwidth: 18 MHz
Throughput: 144 Mbps","{'slice_type': 'eMBB', 'cqi': 13, 'bandwidth': 18.0, 'throughput': 237.82}",0.7949999999999999,0.0011846
"You are a 5G network slicing expert. Your task is to allocate network resources for a new user joining the network.

=== NETWORK STATE ===
- eMBB Slice: 12 active users (Total capacity: 90 MHz)
- URLLC Slice: 8 active users (Total capacity: 30 MHz)

=== NEW USER INFORMATION ===
- User Position: (84.19, -2.24) meters (local coordinates)
- Region: HKUST_North
- Service Request: ""I need remote desktop access""

=== IMPORTANT ===
The user's Channel Quality Indicator (CQI) is NOT directly provided.
You MUST call the ray_tracing tool with the user's position and region to obtain the CQI value before performing bandwidth and throughput calculations.

=== YOUR TASK ===
1. Call ray_tracing(user_x=84.19, user_y=-2.24, region=""HKUST_North"") to obtain the user's CQI
2. Slice Type: Classify the service as eMBB (high bandwidth) or URLLC (low latency)
3. Bandwidth: Calculate using Proportional Fairness - B = SliceCapacity / (ExistingUsers + 1)
4. Throughput: Calculate using Shannon Formula - T = 10 * B * log10(1 + 10^(CQI/10))

=== CONSTRAINTS ===
- eMBB: Bandwidth range [6-20] MHz
- URLLC: Bandwidth range [1-5] MHz

=== OUTPUT FORMAT ===
CQI: [value from ray_tracing tool]
Slice Type: [eMBB or URLLC]
Bandwidth: [value] MHz
Throughput: [value] Mbps","CQI: 12
Slice Type: eMBB
Bandwidth: 6.43 MHz
Throughput: 128.6 Mbps","{'slice_type': 'eMBB', 'cqi': 14, 'bandwidth': 6.92, 'throughput': 98.05}",0.6975,0.0018781000000000002
"You are a 5G network slicing expert. Your task is to allocate network resources for a new user joining the network.

=== NETWORK STATE ===
- eMBB Slice: 7 active users (Total capacity: 90 MHz)
- URLLC Slice: 4 active users (Total capacity: 30 MHz)

=== NEW USER INFORMATION ===
- User Position: (-16.86, 4.67) meters (local coordinates)
- Region: HKUST_North
- Service Request: ""I need real-time fraud detection""

=== IMPORTANT ===
The user's Channel Quality Indicator (CQI) is NOT directly provided.
You MUST call the ray_tracing tool with the user's position and region to obtain the CQI value before performing bandwidth and throughput calculations.

=== YOUR TASK ===
1. Call ray_tracing(user_x=-16.86, user_y=4.67, region=""HKUST_North"") to obtain the user's CQI
2. Slice Type: Classify the service as eMBB (high bandwidth) or URLLC (low latency)
3. Bandwidth: Calculate using Proportional Fairness - B = SliceCapacity / (ExistingUsers + 1)
4. Throughput: Calculate using Shannon Formula - T = 10 * B * log10(1 + 10^(CQI/10))

=== CONSTRAINTS ===
- eMBB: Bandwidth range [6-20] MHz
- URLLC: Bandwidth range [1-5] MHz

=== OUTPUT FORMAT ===
CQI: [value from ray_tracing tool]
Slice Type: [eMBB or URLLC]
Bandwidth: [value] MHz
Throughput: [value] Mbps","CQI: 12
Slice Type: URLLC
Bandwidth: 5 MHz
Throughput: 50.0 Mbps","{'slice_type': 'URLLC', 'cqi': 15, 'bandwidth': 5.0, 'throughput': 75.68}",0.705,0.0008374000000000002
"You are a 5G network slicing expert. Your task is to allocate network resources for a new user joining the network.

=== NETWORK STATE ===
- eMBB Slice: 3 active users (Total capacity: 90 MHz)
- URLLC Slice: 8 active users (Total capacity: 30 MHz)

=== NEW USER INFORMATION ===
- User Position: (69.79, 133.68) meters (local coordinates)
- Region: HKUST_Center
- Service Request: ""I need to control a robotic arm in real time""

=== IMPORTANT ===
The user's Channel Quality Indicator (CQI) is NOT directly provided.
You MUST call the ray_tracing tool with the user's position and region to obtain the CQI value before performing bandwidth and throughput calculations.

=== YOUR TASK ===
1. Call ray_tracing(user_x=69.79, user_y=133.68, region=""HKUST_Center"") to obtain the user's CQI
2. Slice Type: Classify the service as eMBB (high bandwidth) or URLLC (low latency)
3. Bandwidth: Calculate using Proportional Fairness - B = SliceCapacity / (ExistingUsers + 1)
4. Throughput: Calculate using Shannon Formula - T = 10 * B * log10(1 + 10^(CQI/10))

=== CONSTRAINTS ===
- eMBB: Bandwidth range [6-20] MHz
- URLLC: Bandwidth range [1-5] MHz

=== OUTPUT FORMAT ===
CQI: [value from ray_tracing tool]
Slice Type: [eMBB or URLLC]
Bandwidth: [value] MHz
Throughput: [value] Mbps","CQI: 18
Slice Type: URLLC
Bandwidth: 3 MHz
Throughput: 60.0 Mbps","{'slice_type': 'URLLC', 'cqi': 9, 'bandwidth': 3.33, 'throughput': 31.68}",0.5475,0.0019944000000000003
"You are a 5G network slicing expert. Your task is to allocate network resources for a new user joining the network.

=== NETWORK STATE ===
- eMBB Slice: 7 active users (Total capacity: 90 MHz)
- URLLC Slice: 9 active users (Total capacity: 30 MHz)

=== NEW USER INFORMATION ===
- User Position: (-1.7, 158.05) meters (local coordinates)
- Region: HKUST_South
- Service Request: ""I want to use augmented reality navigation""

=== IMPORTANT ===
The user's Channel Quality Indicator (CQI) is NOT directly provided.
You MUST call the ray_tracing tool with the user's position and region to obtain the CQI value before performing bandwidth and throughput calculations.

=== YOUR TASK ===
1. Call ray_tracing(user_x=-1.7, user_y=158.05, region=""HKUST_South"") to obtain the user's CQI
2. Slice Type: Classify the service as eMBB (high bandwidth) or URLLC (low latency)
3. Bandwidth: Calculate using Proportional Fairness - B = SliceCapacity / (ExistingUsers + 1)
4. Throughput: Calculate using Shannon Formula - T = 10 * B * log10(1 + 10^(CQI/10))

=== CONSTRAINTS ===
- eMBB: Bandwidth range [6-20] MHz
- URLLC: Bandwidth range [1-5] MHz

=== OUTPUT FORMAT ===
CQI: [value from ray_tracing tool]
Slice Type: [eMBB or URLLC]
Bandwidth: [value] MHz
Throughput: [value] Mbps","CQI: 18
Slice Type: eMBB
Bandwidth: 10.0 MHz
Throughput: 139.79 Mbps","{'slice_type': 'eMBB', 'cqi': 15, 'bandwidth': 11.25, 'throughput': 170.27}",0.6699999999999999,0.0027522000000000007
"You are a 5G network slicing expert. Your task is to allocate network resources for a new user joining the network.

=== NETWORK STATE ===
- eMBB Slice: 3 active users (Total capacity: 90 MHz)
- URLLC Slice: 10 active users (Total capacity: 30 MHz)

=== NEW USER INFORMATION ===
- User Position: (-55.54, 53.3) meters (local coordinates)
- Region: HKUST_North
- Service Request: ""I need real-time fraud detection""

=== IMPORTANT ===
The user's Channel Quality Indicator (CQI) is NOT directly provided.
You MUST call the ray_tracing tool with the user's position and region to obtain the CQI value before performing bandwidth and throughput calculations.

=== YOUR TASK ===
1. Call ray_tracing(user_x=-55.54, user_y=53.3, region=""HKUST_North"") to obtain the user's CQI
2. Slice Type: Classify the service as eMBB (high bandwidth) or URLLC (low latency)
3. Bandwidth: Calculate using Proportional Fairness - B = SliceCapacity / (ExistingUsers + 1)
4. Throughput: Calculate using Shannon Formula - T = 10 * B * log10(1 + 10^(CQI/10))

=== CONSTRAINTS ===
- eMBB: Bandwidth range [6-20] MHz
- URLLC: Bandwidth range [1-5] MHz

=== OUTPUT FORMAT ===
CQI: [value from ray_tracing tool]
Slice Type: [eMBB or URLLC]
Bandwidth: [value] MHz
Throughput: [value] Mbps","CQI: 12  
Slice Type: URLLC  
Bandwidth: 2.5 MHz  
Throughput: 34.9 Mbps","{'slice_type': 'URLLC', 'cqi': 15, 'bandwidth': 2.73, 'throughput': 41.32}",0.7525,0.0026731000000000007
"You are a 5G network slicing expert. Your task is to allocate network resources for a new user joining the network.

=== NETWORK STATE ===
- eMBB Slice: 7 active users (Total capacity: 90 MHz)
- URLLC Slice: 4 active users (Total capacity: 30 MHz)

=== NEW USER INFORMATION ===
- User Position: (32.8, -46.94) meters (local coordinates)
- Region: HKUST_Center
- Service Request: ""I want to play competitive online gaming""

=== IMPORTANT ===
The user's Channel Quality Indicator (CQI) is NOT directly provided.
You MUST call the ray_tracing tool with the user's position and region to obtain the CQI value before performing bandwidth and throughput calculations.

=== YOUR TASK ===
1. Call ray_tracing(user_x=32.8, user_y=-46.94, region=""HKUST_Center"") to obtain the user's CQI
2. Slice Type: Classify the service as eMBB (high bandwidth) or URLLC (low latency)
3. Bandwidth: Calculate using Proportional Fairness - B = SliceCapacity / (ExistingUsers + 1)
4. Throughput: Calculate using Shannon Formula - T = 10 * B * log10(1 + 10^(CQI/10))

=== CONSTRAINTS ===
- eMBB: Bandwidth range [6-20] MHz
- URLLC: Bandwidth range [1-5] MHz

=== OUTPUT FORMAT ===
CQI: [value from ray_tracing tool]
Slice Type: [eMBB or URLLC]
Bandwidth: [value] MHz
Throughput: [value] Mbps","CQI: 12
Slice Type: URLLC
Bandwidth: 5 MHz
Throughput: 60.0 Mbps","{'slice_type': 'URLLC', 'cqi': 15, 'bandwidth': 5.0, 'throughput': 75.68}",0.755,0.0020693000000000005
"You are a 5G network slicing expert. Your task is to allocate network resources for a new user joining the network.

=== NETWORK STATE ===
- eMBB Slice: 11 active users (Total capacity: 90 MHz)
- URLLC Slice: 4 active users (Total capacity: 30 MHz)

=== NEW USER INFORMATION ===
- User Position: (-38.29, 37.54) meters (local coordinates)
- Region: HKUST_North
- Service Request: ""I need to control a robotic arm in real time""

=== IMPORTANT ===
The user's Channel Quality Indicator (CQI) is NOT directly provided.
You MUST call the ray_tracing tool with the user's position and region to obtain the CQI value before performing bandwidth and throughput calculations.

=== YOUR TASK ===
1. Call ray_tracing(user_x=-38.29, user_y=37.54, region=""HKUST_North"") to obtain the user's CQI
2. Slice Type: Classify the service as eMBB (high bandwidth) or URLLC (low latency)
3. Bandwidth: Calculate using Proportional Fairness - B = SliceCapacity / (ExistingUsers + 1)
4. Throughput: Calculate using Shannon Formula - T = 10 * B * log10(1 + 10^(CQI/10))

=== CONSTRAINTS ===
- eMBB: Bandwidth range [6-20] MHz
- URLLC: Bandwidth range [1-5] MHz

=== OUTPUT FORMAT ===
CQI: [value from ray_tracing tool]
Slice Type: [eMBB or URLLC]
Bandwidth: [value] MHz
Throughput: [value] Mbps","CQI: 12
Slice Type: URLLC
Bandwidth: 5 MHz
Throughput: 50.0 Mbps","{'slice_type': 'URLLC', 'cqi': 15, 'bandwidth': 5.0, 'throughput': 75.68}",0.705,0.0029806500000000005
"You are a 5G network slicing expert. Your task is to allocate network resources for a new user joining the network.

=== NETWORK STATE ===
- eMBB Slice: 9 active users (Total capacity: 90 MHz)
- URLLC Slice: 6 active users (Total capacity: 30 MHz)

=== NEW USER INFORMATION ===
- User Position: (13.75, 86.16) meters (local coordinates)
- Region: HKUST_South
- Service Request: ""I need high-frequency trading connectivity""

=== IMPORTANT ===
The user's Channel Quality Indicator (CQI) is NOT directly provided.
You MUST call the ray_tracing tool with the user's position and region to obtain the CQI value before performing bandwidth and throughput calculations.

=== YOUR TASK ===
1. Call ray_tracing(user_x=13.75, user_y=86.16, region=""HKUST_South"") to obtain the user's CQI
2. Slice Type: Classify the service as eMBB (high bandwidth) or URLLC (low latency)
3. Bandwidth: Calculate using Proportional Fairness - B = SliceCapacity / (ExistingUsers + 1)
4. Throughput: Calculate using Shannon Formula - T = 10 * B * log10(1 + 10^(CQI/10))

=== CONSTRAINTS ===
- eMBB: Bandwidth range [6-20] MHz
- URLLC: Bandwidth range [1-5] MHz

=== OUTPUT FORMAT ===
CQI: [value from ray_tracing tool]
Slice Type: [eMBB or URLLC]
Bandwidth: [value] MHz
Throughput: [value] Mbps","CQI: 12  
Slice Type: eMBB  
Bandwidth: 10 MHz  
Throughput: 130.1 Mbps","{'slice_type': 'URLLC', 'cqi': 15, 'bandwidth': 4.29, 'throughput': 64.93}",0.09999999999999999,0.0029047500000000006
"You are a 5G network slicing expert. Your task is to allocate network resources for a new user joining the network.

=== NETWORK STATE ===
- eMBB Slice: 9 active users (Total capacity: 90 MHz)
- URLLC Slice: 5 active users (Total capacity: 30 MHz)

=== NEW USER INFORMATION ===
- User Position: (-22.57, -62.99) meters (local coordinates)
- Region: HKUST_South
- Service Request: ""I need holographic communication""

=== IMPORTANT ===
The user's Channel Quality Indicator (CQI) is NOT directly provided.
You MUST call the ray_tracing tool with the user's position and region to obtain the CQI value before performing bandwidth and throughput calculations.

=== YOUR TASK ===
1. Call ray_tracing(user_x=-22.57, user_y=-62.99, region=""HKUST_South"") to obtain the user's CQI
2. Slice Type: Classify the service as eMBB (high bandwidth) or URLLC (low latency)
3. Bandwidth: Calculate using Proportional Fairness - B = SliceCapacity / (ExistingUsers + 1)
4. Throughput: Calculate using Shannon Formula - T = 10 * B * log10(1 + 10^(CQI/10))

=== CONSTRAINTS ===
- eMBB: Bandwidth range [6-20] MHz
- URLLC: Bandwidth range [1-5] MHz

=== OUTPUT FORMAT ===
CQI: [value from ray_tracing tool]
Slice Type: [eMBB or URLLC]
Bandwidth: [value] MHz
Throughput: [value] Mbps","CQI: 18  
Slice Type: eMBB  
Bandwidth: 10 MHz  
Throughput: 60 Mbps","{'slice_type': 'eMBB', 'cqi': 15, 'bandwidth': 9.0, 'throughput': 136.22}",0.495,0.0020315500000000005
"You are a 5G network slicing expert. Your task is to allocate network resources for a new user joining the network.

=== NETWORK STATE ===
- eMBB Slice: 8 active users (Total capacity: 90 MHz)
- URLLC Slice: 10 active users (Total capacity: 30 MHz)

=== NEW USER INFORMATION ===
- User Position: (40.89, -49.77) meters (local coordinates)
- Region: HKUST_South
- Service Request: ""I want to play competitive online gaming""

=== IMPORTANT ===
The user's Channel Quality Indicator (CQI) is NOT directly provided.
You MUST call the ray_tracing tool with the user's position and region to obtain the CQI value before performing bandwidth and throughput calculations.

=== YOUR TASK ===
1. Call ray_tracing(user_x=40.89, user_y=-49.77, region=""HKUST_South"") to obtain the user's CQI
2. Slice Type: Classify the service as eMBB (high bandwidth) or URLLC (low latency)
3. Bandwidth: Calculate using Proportional Fairness - B = SliceCapacity / (ExistingUsers + 1)
4. Throughput: Calculate using Shannon Formula - T = 10 * B * log10(1 + 10^(CQI/10))

=== CONSTRAINTS ===
- eMBB: Bandwidth range [6-20] MHz
- URLLC: Bandwidth range [1-5] MHz

=== OUTPUT FORMAT ===
CQI: [value from ray_tracing tool]
Slice Type: [eMBB or URLLC]
Bandwidth: [value] MHz
Throughput: [value] Mbps","CQI: 12
Slice Type: URLLC
Bandwidth: 3 MHz
Throughput: 30 Mbps","{'slice_type': 'URLLC', 'cqi': 15, 'bandwidth': 2.73, 'throughput': 41.32}",0.7025,0.002522250000000001
"You are a 5G network slicing expert. Your task is to allocate network resources for a new user joining the network.

=== NETWORK STATE ===
- eMBB Slice: 7 active users (Total capacity: 90 MHz)
- URLLC Slice: 10 active users (Total capacity: 30 MHz)

=== NEW USER INFORMATION ===
- User Position: (-26.78, 32.17) meters (local coordinates)
- Region: HKUST_North
- Service Request: ""I need early warning system deployment""

=== IMPORTANT ===
The user's Channel Quality Indicator (CQI) is NOT directly provided.
You MUST call the ray_tracing tool with the user's position and region to obtain the CQI value before performing bandwidth and throughput calculations.

=== YOUR TASK ===
1. Call ray_tracing(user_x=-26.78, user_y=32.17, region=""HKUST_North"") to obtain the user's CQI
2. Slice Type: Classify the service as eMBB (high bandwidth) or URLLC (low latency)
3. Bandwidth: Calculate using Proportional Fairness - B = SliceCapacity / (ExistingUsers + 1)
4. Throughput: Calculate using Shannon Formula - T = 10 * B * log10(1 + 10^(CQI/10))

=== CONSTRAINTS ===
- eMBB: Bandwidth range [6-20] MHz
- URLLC: Bandwidth range [1-5] MHz

=== OUTPUT FORMAT ===
CQI: [value from ray_tracing tool]
Slice Type: [eMBB or URLLC]
Bandwidth: [value] MHz
Throughput: [value] Mbps","CQI: 12
Slice Type: URLLC
Bandwidth: 3 MHz
Throughput: 30 Mbps","{'slice_type': 'URLLC', 'cqi': 15, 'bandwidth': 2.73, 'throughput': 41.32}",0.7025,0.00335525
"You are a 5G network slicing expert. Your task is to allocate network resources for a new user joining the network.

=== NETWORK STATE ===
- eMBB Slice: 4 active users (Total capacity: 90 MHz)
- URLLC Slice: 6 active users (Total capacity: 30 MHz)

=== NEW USER INFORMATION ===
- User Position: (22.2, 4.13) meters (local coordinates)
- Region: HKUST_Center
- Service Request: ""I want to monitor home security cameras""

=== IMPORTANT ===
The user's Channel Quality Indicator (CQI) is NOT directly provided.
You MUST call the ray_tracing tool with the user's position and region to obtain the CQI value before performing bandwidth and throughput calculations.

=== YOUR TASK ===
1. Call ray_tracing(user_x=22.2, user_y=4.13, region=""HKUST_Center"") to obtain the user's CQI
2. Slice Type: Classify the service as eMBB (high bandwidth) or URLLC (low latency)
3. Bandwidth: Calculate using Proportional Fairness - B = SliceCapacity / (ExistingUsers + 1)
4. Throughput: Calculate using Shannon Formula - T = 10 * B * log10(1 + 10^(CQI/10))

=== CONSTRAINTS ===
- eMBB: Bandwidth range [6-20] MHz
- URLLC: Bandwidth range [1-5] MHz

=== OUTPUT FORMAT ===
CQI: [value from ray_tracing tool]
Slice Type: [eMBB or URLLC]
Bandwidth: [value] MHz
Throughput: [value] Mbps","CQI: 12
Slice Type: eMBB
Bandwidth: 15 MHz
Throughput: 75.0 Mbps","{'slice_type': 'eMBB', 'cqi': 15, 'bandwidth': 18.0, 'throughput': 272.43}",0.525,0.0031305000000000005
"You are a 5G network slicing expert. Your task is to allocate network resources for a new user joining the network.

=== NETWORK STATE ===
- eMBB Slice: 5 active users (Total capacity: 90 MHz)
- URLLC Slice: 9 active users (Total capacity: 30 MHz)

=== NEW USER INFORMATION ===
- User Position: (69.93, -24.96) meters (local coordinates)
- Region: HKUST_North
- Service Request: ""I need power grid fault detection""

=== IMPORTANT ===
The user's Channel Quality Indicator (CQI) is NOT directly provided.
You MUST call the ray_tracing tool with the user's position and region to obtain the CQI value before performing bandwidth and throughput calculations.

=== YOUR TASK ===
1. Call ray_tracing(user_x=69.93, user_y=-24.96, region=""HKUST_North"") to obtain the user's CQI
2. Slice Type: Classify the service as eMBB (high bandwidth) or URLLC (low latency)
3. Bandwidth: Calculate using Proportional Fairness - B = SliceCapacity / (ExistingUsers + 1)
4. Throughput: Calculate using Shannon Formula - T = 10 * B * log10(1 + 10^(CQI/10))

=== CONSTRAINTS ===
- eMBB: Bandwidth range [6-20] MHz
- URLLC: Bandwidth range [1-5] MHz

=== OUTPUT FORMAT ===
CQI: [value from ray_tracing tool]
Slice Type: [eMBB or URLLC]
Bandwidth: [value] MHz
Throughput: [value] Mbps","CQI: 12
Slice Type: URLLC
Bandwidth: 3 MHz
Throughput: 60 Mbps","{'slice_type': 'URLLC', 'cqi': 15, 'bandwidth': 3.0, 'throughput': 45.41}",0.705,0.0030172500000000004
"You are a 5G network slicing expert. Your task is to allocate network resources for a new user joining the network.

=== NETWORK STATE ===
- eMBB Slice: 7 active users (Total capacity: 90 MHz)
- URLLC Slice: 5 active users (Total capacity: 30 MHz)

=== NEW USER INFORMATION ===
- User Position: (0.67, 6.72) meters (local coordinates)
- Region: HKUST_North
- Service Request: ""I need to participate in a video conference""

=== IMPORTANT ===
The user's Channel Quality Indicator (CQI) is NOT directly provided.
You MUST call the ray_tracing tool with the user's position and region to obtain the CQI value before performing bandwidth and throughput calculations.

=== YOUR TASK ===
1. Call ray_tracing(user_x=0.67, user_y=6.72, region=""HKUST_North"") to obtain the user's CQI
2. Slice Type: Classify the service as eMBB (high bandwidth) or URLLC (low latency)
3. Bandwidth: Calculate using Proportional Fairness - B = SliceCapacity / (ExistingUsers + 1)
4. Throughput: Calculate using Shannon Formula - T = 10 * B * log10(1 + 10^(CQI/10))

=== CONSTRAINTS ===
- eMBB: Bandwidth range [6-20] MHz
- URLLC: Bandwidth range [1-5] MHz

=== OUTPUT FORMAT ===
CQI: [value from ray_tracing tool]
Slice Type: [eMBB or URLLC]
Bandwidth: [value] MHz
Throughput: [value] Mbps","CQI: 14
Slice Type: eMBB
Bandwidth: 10 MHz
Throughput: 69.54 Mbps","{'slice_type': 'eMBB', 'cqi': 15, 'bandwidth': 11.25, 'throughput': 170.27}",0.615,0.00400575
"You are a 5G network slicing expert. Your task is to allocate network resources for a new user joining the network.

=== NETWORK STATE ===
- eMBB Slice: 3 active users (Total capacity: 90 MHz)
- URLLC Slice: 7 active users (Total capacity: 30 MHz)

=== NEW USER INFORMATION ===
- User Position: (-25.2, -38.31) meters (local coordinates)
- Region: HKUST_South
- Service Request: ""I want to play competitive online gaming""

=== IMPORTANT ===
The user's Channel Quality Indicator (CQI) is NOT directly provided.
You MUST call the ray_tracing tool with the user's position and region to obtain the CQI value before performing bandwidth and throughput calculations.

=== YOUR TASK ===
1. Call ray_tracing(user_x=-25.2, user_y=-38.31, region=""HKUST_South"") to obtain the user's CQI
2. Slice Type: Classify the service as eMBB (high bandwidth) or URLLC (low latency)
3. Bandwidth: Calculate using Proportional Fairness - B = SliceCapacity / (ExistingUsers + 1)
4. Throughput: Calculate using Shannon Formula - T = 10 * B * log10(1 + 10^(CQI/10))

=== CONSTRAINTS ===
- eMBB: Bandwidth range [6-20] MHz
- URLLC: Bandwidth range [1-5] MHz

=== OUTPUT FORMAT ===
CQI: [value from ray_tracing tool]
Slice Type: [eMBB or URLLC]
Bandwidth: [value] MHz
Throughput: [value] Mbps","CQI: 12
Slice Type: eMBB
Bandwidth: 15 MHz
Throughput: 60 Mbps","{'slice_type': 'URLLC', 'cqi': 15, 'bandwidth': 3.75, 'throughput': 56.76}",0.3125,0.0045385
"You are a 5G network slicing expert. Your task is to allocate network resources for a new user joining the network.

=== NETWORK STATE ===
- eMBB Slice: 4 active users (Total capacity: 90 MHz)
- URLLC Slice: 9 active users (Total capacity: 30 MHz)

=== NEW USER INFORMATION ===
- User Position: (-20.64, 51.77) meters (local coordinates)
- Region: HKUST_North
- Service Request: ""I want to watch 4K video streaming""

=== IMPORTANT ===
The user's Channel Quality Indicator (CQI) is NOT directly provided.
You MUST call the ray_tracing tool with the user's position and region to obtain the CQI value before performing bandwidth and throughput calculations.

=== YOUR TASK ===
1. Call ray_tracing(user_x=-20.64, user_y=51.77, region=""HKUST_North"") to obtain the user's CQI
2. Slice Type: Classify the service as eMBB (high bandwidth) or URLLC (low latency)
3. Bandwidth: Calculate using Proportional Fairness - B = SliceCapacity / (ExistingUsers + 1)
4. Throughput: Calculate using Shannon Formula - T = 10 * B * log10(1 + 10^(CQI/10))

=== CONSTRAINTS ===
- eMBB: Bandwidth range [6-20] MHz
- URLLC: Bandwidth range [1-5] MHz

=== OUTPUT FORMAT ===
CQI: [value from ray_tracing tool]
Slice Type: [eMBB or URLLC]
Bandwidth: [value] MHz
Throughput: [value] Mbps","CQI: 12
Slice Type: eMBB
Bandwidth: 15 MHz
Throughput: 60 Mbps","{'slice_type': 'eMBB', 'cqi': 15, 'bandwidth': 18.0, 'throughput': 272.43}",0.525,0.00538375
"You are a 5G network slicing expert. Your task is to allocate network resources for a new user joining the network.

=== NETWORK STATE ===
- eMBB Slice: 4 active users (Total capacity: 90 MHz)
- URLLC Slice: 10 active users (Total capacity: 30 MHz)

=== NEW USER INFORMATION ===
- User Position: (-65.22, -12.07) meters (local coordinates)
- Region: HKUST_North
- Service Request: ""I need real-time patient vital signs monitoring""

=== IMPORTANT ===
The user's Channel Quality Indicator (CQI) is NOT directly provided.
You MUST call the ray_tracing tool with the user's position and region to obtain the CQI value before performing bandwidth and throughput calculations.

=== YOUR TASK ===
1. Call ray_tracing(user_x=-65.22, user_y=-12.07, region=""HKUST_North"") to obtain the user's CQI
2. Slice Type: Classify the service as eMBB (high bandwidth) or URLLC (low latency)
3. Bandwidth: Calculate using Proportional Fairness - B = SliceCapacity / (ExistingUsers + 1)
4. Throughput: Calculate using Shannon Formula - T = 10 * B * log10(1 + 10^(CQI/10))

=== CONSTRAINTS ===
- eMBB: Bandwidth range [6-20] MHz
- URLLC: Bandwidth range [1-5] MHz

=== OUTPUT FORMAT ===
CQI: [value from ray_tracing tool]
Slice Type: [eMBB or URLLC]
Bandwidth: [value] MHz
Throughput: [value] Mbps","CQI: 12
Slice Type: URLLC
Bandwidth: 3 MHz
Throughput: 30 Mbps","{'slice_type': 'URLLC', 'cqi': 15, 'bandwidth': 2.73, 'throughput': 41.32}",0.7025,0.0041554999999999995
"You are a 5G network slicing expert. Your task is to allocate network resources for a new user joining the network.

=== NETWORK STATE ===
- eMBB Slice: 5 active users (Total capacity: 90 MHz)
- URLLC Slice: 6 active users (Total capacity: 30 MHz)

=== NEW USER INFORMATION ===
- User Position: (-117.29, 105.54) meters (local coordinates)
- Region: HKUST_Center
- Service Request: ""I want to stream a live sports event""

=== IMPORTANT ===
The user's Channel Quality Indicator (CQI) is NOT directly provided.
You MUST call the ray_tracing tool with the user's position and region to obtain the CQI value before performing bandwidth and throughput calculations.

=== YOUR TASK ===
1. Call ray_tracing(user_x=-117.29, user_y=105.54, region=""HKUST_Center"") to obtain the user's CQI
2. Slice Type: Classify the service as eMBB (high bandwidth) or URLLC (low latency)
3. Bandwidth: Calculate using Proportional Fairness - B = SliceCapacity / (ExistingUsers + 1)
4. Throughput: Calculate using Shannon Formula - T = 10 * B * log10(1 + 10^(CQI/10))

=== CONSTRAINTS ===
- eMBB: Bandwidth range [6-20] MHz
- URLLC: Bandwidth range [1-5] MHz

=== OUTPUT FORMAT ===
CQI: [value from ray_tracing tool]
Slice Type: [eMBB or URLLC]
Bandwidth: [value] MHz
Throughput: [value] Mbps","CQI: 12
Slice Type: eMBB
Bandwidth: 15 MHz
Throughput: 120.0 Mbps","{'slice_type': 'eMBB', 'cqi': 9, 'bandwidth': 15.0, 'throughput': 142.72}",0.8049999999999999,0.004842
"You are a 5G network slicing expert. Your task is to allocate network resources for a new user joining the network.

=== NETWORK STATE ===
- eMBB Slice: 9 active users (Total capacity: 90 MHz)
- URLLC Slice: 10 active users (Total capacity: 30 MHz)

=== NEW USER INFORMATION ===
- User Position: (-70.28, 122.51) meters (local coordinates)
- Region: HKUST_South
- Service Request: ""I want to monitor home security cameras""

=== IMPORTANT ===
The user's Channel Quality Indicator (CQI) is NOT directly provided.
You MUST call the ray_tracing tool with the user's position and region to obtain the CQI value before performing bandwidth and throughput calculations.

=== YOUR TASK ===
1. Call ray_tracing(user_x=-70.28, user_y=122.51, region=""HKUST_South"") to obtain the user's CQI
2. Slice Type: Classify the service as eMBB (high bandwidth) or URLLC (low latency)
3. Bandwidth: Calculate using Proportional Fairness - B = SliceCapacity / (ExistingUsers + 1)
4. Throughput: Calculate using Shannon Formula - T = 10 * B * log10(1 + 10^(CQI/10))

=== CONSTRAINTS ===
- eMBB: Bandwidth range [6-20] MHz
- URLLC: Bandwidth range [1-5] MHz

=== OUTPUT FORMAT ===
CQI: [value from ray_tracing tool]
Slice Type: [eMBB or URLLC]
Bandwidth: [value] MHz
Throughput: [value] Mbps","CQI: 12
Slice Type: eMBB
Bandwidth: 10 MHz
Throughput: 40 Mbps","{'slice_type': 'eMBB', 'cqi': 10, 'bandwidth': 9.0, 'throughput': 93.73}",0.57,0.00450135
"You are a 5G network slicing expert. Your task is to allocate network resources for a new user joining the network.

=== NETWORK STATE ===
- eMBB Slice: 8 active users (Total capacity: 90 MHz)
- URLLC Slice: 2 active users (Total capacity: 30 MHz)

=== NEW USER INFORMATION ===
- User Position: (-176.39, -25.08) meters (local coordinates)
- Region: HKUST_Center
- Service Request: ""I need remote surgery equipment control""

=== IMPORTANT ===
The user's Channel Quality Indicator (CQI) is NOT directly provided.
You MUST call the ray_tracing tool with the user's position and region to obtain the CQI value before performing bandwidth and throughput calculations.

=== YOUR TASK ===
1. Call ray_tracing(user_x=-176.39, user_y=-25.08, region=""HKUST_Center"") to obtain the user's CQI
2. Slice Type: Classify the service as eMBB (high bandwidth) or URLLC (low latency)
3. Bandwidth: Calculate using Proportional Fairness - B = SliceCapacity / (ExistingUsers + 1)
4. Throughput: Calculate using Shannon Formula - T = 10 * B * log10(1 + 10^(CQI/10))

=== CONSTRAINTS ===
- eMBB: Bandwidth range [6-20] MHz
- URLLC: Bandwidth range [1-5] MHz

=== OUTPUT FORMAT ===
CQI: [value from ray_tracing tool]
Slice Type: [eMBB or URLLC]
Bandwidth: [value] MHz
Throughput: [value] Mbps","CQI: 12
Slice Type: URLLC
Bandwidth: 5 MHz
Throughput: 50.0 Mbps","{'slice_type': 'URLLC', 'cqi': 15, 'bandwidth': 5.0, 'throughput': 75.68}",0.705,0.0048027
"You are a 5G network slicing expert. Your task is to allocate network resources for a new user joining the network.

=== NETWORK STATE ===
- eMBB Slice: 3 active users (Total capacity: 90 MHz)
- URLLC Slice: 10 active users (Total capacity: 30 MHz)

=== NEW USER INFORMATION ===
- User Position: (-119.46, 82.45) meters (local coordinates)
- Region: HKUST_Center
- Service Request: ""I need autonomous vehicle communication""

=== IMPORTANT ===
The user's Channel Quality Indicator (CQI) is NOT directly provided.
You MUST call the ray_tracing tool with the user's position and region to obtain the CQI value before performing bandwidth and throughput calculations.

=== YOUR TASK ===
1. Call ray_tracing(user_x=-119.46, user_y=82.45, region=""HKUST_Center"") to obtain the user's CQI
2. Slice Type: Classify the service as eMBB (high bandwidth) or URLLC (low latency)
3. Bandwidth: Calculate using Proportional Fairness - B = SliceCapacity / (ExistingUsers + 1)
4. Throughput: Calculate using Shannon Formula - T = 10 * B * log10(1 + 10^(CQI/10))

=== CONSTRAINTS ===
- eMBB: Bandwidth range [6-20] MHz
- URLLC: Bandwidth range [1-5] MHz

=== OUTPUT FORMAT ===
CQI: [value from ray_tracing tool]
Slice Type: [eMBB or URLLC]
Bandwidth: [value] MHz
Throughput: [value] Mbps","CQI: 22
Slice Type: URLLC
Bandwidth: 2.73 MHz
Throughput: 54.6 Mbps","{'slice_type': 'URLLC', 'cqi': 10, 'bandwidth': 2.73, 'throughput': 28.43}",0.6,0.0042699
"You are a 5G network slicing expert. Your task is to allocate network resources for a new user joining the network.

=== NETWORK STATE ===
- eMBB Slice: 10 active users (Total capacity: 90 MHz)
- URLLC Slice: 10 active users (Total capacity: 30 MHz)

=== NEW USER INFORMATION ===
- User Position: (-77.9, 107.65) meters (local coordinates)
- Region: HKUST_Center
- Service Request: ""I need video analytics services""

=== IMPORTANT ===
The user's Channel Quality Indicator (CQI) is NOT directly provided.
You MUST call the ray_tracing tool with the user's position and region to obtain the CQI value before performing bandwidth and throughput calculations.

=== YOUR TASK ===
1. Call ray_tracing(user_x=-77.9, user_y=107.65, region=""HKUST_Center"") to obtain the user's CQI
2. Slice Type: Classify the service as eMBB (high bandwidth) or URLLC (low latency)
3. Bandwidth: Calculate using Proportional Fairness - B = SliceCapacity / (ExistingUsers + 1)
4. Throughput: Calculate using Shannon Formula - T = 10 * B * log10(1 + 10^(CQI/10))

=== CONSTRAINTS ===
- eMBB: Bandwidth range [6-20] MHz
- URLLC: Bandwidth range [1-5] MHz

=== OUTPUT FORMAT ===
CQI: [value from ray_tracing tool]
Slice Type: [eMBB or URLLC]
Bandwidth: [value] MHz
Throughput: [value] Mbps","CQI: 12  
Slice Type: eMBB  
Bandwidth: 9.0 MHz  
Throughput: 72.0 Mbps","{'slice_type': 'eMBB', 'cqi': 15, 'bandwidth': 8.18, 'throughput': 123.81}",0.6,0.005152499999999999
"You are a 5G network slicing expert. Your task is to allocate network resources for a new user joining the network.

=== NETWORK STATE ===
- eMBB Slice: 7 active users (Total capacity: 90 MHz)
- URLLC Slice: 6 active users (Total capacity: 30 MHz)

=== NEW USER INFORMATION ===
- User Position: (-75.66, -17.14) meters (local coordinates)
- Region: HKUST_South
- Service Request: ""I need factory robot synchronization""

=== IMPORTANT ===
The user's Channel Quality Indicator (CQI) is NOT directly provided.
You MUST call the ray_tracing tool with the user's position and region to obtain the CQI value before performing bandwidth and throughput calculations.

=== YOUR TASK ===
1. Call ray_tracing(user_x=-75.66, user_y=-17.14, region=""HKUST_South"") to obtain the user's CQI
2. Slice Type: Classify the service as eMBB (high bandwidth) or URLLC (low latency)
3. Bandwidth: Calculate using Proportional Fairness - B = SliceCapacity / (ExistingUsers + 1)
4. Throughput: Calculate using Shannon Formula - T = 10 * B * log10(1 + 10^(CQI/10))

=== CONSTRAINTS ===
- eMBB: Bandwidth range [6-20] MHz
- URLLC: Bandwidth range [1-5] MHz

=== OUTPUT FORMAT ===
CQI: [value from ray_tracing tool]
Slice Type: [eMBB or URLLC]
Bandwidth: [value] MHz
Throughput: [value] Mbps","CQI: 15
Slice Type: URLLC
Bandwidth: 4 MHz
Throughput: 40.0 Mbps","{'slice_type': 'URLLC', 'cqi': 15, 'bandwidth': 4.29, 'throughput': 64.93}",0.7725,0.006032699999999999
"You are a 5G network slicing expert. Your task is to allocate network resources for a new user joining the network.

=== NETWORK STATE ===
- eMBB Slice: 12 active users (Total capacity: 90 MHz)
- URLLC Slice: 3 active users (Total capacity: 30 MHz)

=== NEW USER INFORMATION ===
- User Position: (-11.0, 41.7) meters (local coordinates)
- Region: HKUST_North
- Service Request: ""I need early warning system deployment""

=== IMPORTANT ===
The user's Channel Quality Indicator (CQI) is NOT directly provided.
You MUST call the ray_tracing tool with the user's position and region to obtain the CQI value before performing bandwidth and throughput calculations.

=== YOUR TASK ===
1. Call ray_tracing(user_x=-11.0, user_y=41.7, region=""HKUST_North"") to obtain the user's CQI
2. Slice Type: Classify the service as eMBB (high bandwidth) or URLLC (low latency)
3. Bandwidth: Calculate using Proportional Fairness - B = SliceCapacity / (ExistingUsers + 1)
4. Throughput: Calculate using Shannon Formula - T = 10 * B * log10(1 + 10^(CQI/10))

=== CONSTRAINTS ===
- eMBB: Bandwidth range [6-20] MHz
- URLLC: Bandwidth range [1-5] MHz

=== OUTPUT FORMAT ===
CQI: [value from ray_tracing tool]
Slice Type: [eMBB or URLLC]
Bandwidth: [value] MHz
Throughput: [value] Mbps","CQI: 12
Slice Type: URLLC
Bandwidth: 5 MHz
Throughput: 50 Mbps","{'slice_type': 'URLLC', 'cqi': 15, 'bandwidth': 5.0, 'throughput': 75.68}",0.705,0.0070619
"You are a 5G network slicing expert. Your task is to allocate network resources for a new user joining the network.

=== NETWORK STATE ===
- eMBB Slice: 7 active users (Total capacity: 90 MHz)
- URLLC Slice: 4 active users (Total capacity: 30 MHz)

=== NEW USER INFORMATION ===
- User Position: (-50.61, -27.87) meters (local coordinates)
- Region: HKUST_South
- Service Request: ""I need emergency response coordination""

=== IMPORTANT ===
The user's Channel Quality Indicator (CQI) is NOT directly provided.
You MUST call the ray_tracing tool with the user's position and region to obtain the CQI value before performing bandwidth and throughput calculations.

=== YOUR TASK ===
1. Call ray_tracing(user_x=-50.61, user_y=-27.87, region=""HKUST_South"") to obtain the user's CQI
2. Slice Type: Classify the service as eMBB (high bandwidth) or URLLC (low latency)
3. Bandwidth: Calculate using Proportional Fairness - B = SliceCapacity / (ExistingUsers + 1)
4. Throughput: Calculate using Shannon Formula - T = 10 * B * log10(1 + 10^(CQI/10))

=== CONSTRAINTS ===
- eMBB: Bandwidth range [6-20] MHz
- URLLC: Bandwidth range [1-5] MHz

=== OUTPUT FORMAT ===
CQI: [value from ray_tracing tool]
Slice Type: [eMBB or URLLC]
Bandwidth: [value] MHz
Throughput: [value] Mbps","CQI: 12  
Slice Type: URLLC  
Bandwidth: 5 MHz  
Throughput: 50.0 Mbps","{'slice_type': 'URLLC', 'cqi': 15, 'bandwidth': 5.0, 'throughput': 75.68}",0.705,0.006257849999999999
"You are a 5G network slicing expert. Your task is to allocate network resources for a new user joining the network.

=== NETWORK STATE ===
- eMBB Slice: 4 active users (Total capacity: 90 MHz)
- URLLC Slice: 4 active users (Total capacity: 30 MHz)

=== NEW USER INFORMATION ===
- User Position: (185.59, 11.32) meters (local coordinates)
- Region: HKUST_South
- Service Request: ""I want to download software updates""

=== IMPORTANT ===
The user's Channel Quality Indicator (CQI) is NOT directly provided.
You MUST call the ray_tracing tool with the user's position and region to obtain the CQI value before performing bandwidth and throughput calculations.

=== YOUR TASK ===
1. Call ray_tracing(user_x=185.59, user_y=11.32, region=""HKUST_South"") to obtain the user's CQI
2. Slice Type: Classify the service as eMBB (high bandwidth) or URLLC (low latency)
3. Bandwidth: Calculate using Proportional Fairness - B = SliceCapacity / (ExistingUsers + 1)
4. Throughput: Calculate using Shannon Formula - T = 10 * B * log10(1 + 10^(CQI/10))

=== CONSTRAINTS ===
- eMBB: Bandwidth range [6-20] MHz
- URLLC: Bandwidth range [1-5] MHz

=== OUTPUT FORMAT ===
CQI: [value from ray_tracing tool]
Slice Type: [eMBB or URLLC]
Bandwidth: [value] MHz
Throughput: [value] Mbps","CQI: 12
Slice Type: eMBB
Bandwidth: 15 MHz
Throughput: 90.76 Mbps","{'slice_type': 'eMBB', 'cqi': 8, 'bandwidth': 18.0, 'throughput': 155.5}",0.6,0.00752055
"You are a 5G network slicing expert. Your task is to allocate network resources for a new user joining the network.

=== NETWORK STATE ===
- eMBB Slice: 5 active users (Total capacity: 90 MHz)
- URLLC Slice: 2 active users (Total capacity: 30 MHz)

=== NEW USER INFORMATION ===
- User Position: (-77.48, -74.66) meters (local coordinates)
- Region: HKUST_South
- Service Request: ""I need to download a large game file""

=== IMPORTANT ===
The user's Channel Quality Indicator (CQI) is NOT directly provided.
You MUST call the ray_tracing tool with the user's position and region to obtain the CQI value before performing bandwidth and throughput calculations.

=== YOUR TASK ===
1. Call ray_tracing(user_x=-77.48, user_y=-74.66, region=""HKUST_South"") to obtain the user's CQI
2. Slice Type: Classify the service as eMBB (high bandwidth) or URLLC (low latency)
3. Bandwidth: Calculate using Proportional Fairness - B = SliceCapacity / (ExistingUsers + 1)
4. Throughput: Calculate using Shannon Formula - T = 10 * B * log10(1 + 10^(CQI/10))

=== CONSTRAINTS ===
- eMBB: Bandwidth range [6-20] MHz
- URLLC: Bandwidth range [1-5] MHz

=== OUTPUT FORMAT ===
CQI: [value from ray_tracing tool]
Slice Type: [eMBB or URLLC]
Bandwidth: [value] MHz
Throughput: [value] Mbps","CQI: 12
Slice Type: eMBB
Bandwidth: 15 MHz
Throughput: 60 Mbps","{'slice_type': 'eMBB', 'cqi': 15, 'bandwidth': 15.0, 'throughput': 227.03}",0.63,0.006335549999999999
"You are a 5G network slicing expert. Your task is to allocate network resources for a new user joining the network.

=== NETWORK STATE ===
- eMBB Slice: 9 active users (Total capacity: 90 MHz)
- URLLC Slice: 6 active users (Total capacity: 30 MHz)

=== NEW USER INFORMATION ===
- User Position: (-125.44, 113.64) meters (local coordinates)
- Region: HKUST_Center
- Service Request: ""I want to stream 8K video content""

=== IMPORTANT ===
The user's Channel Quality Indicator (CQI) is NOT directly provided.
You MUST call the ray_tracing tool with the user's position and region to obtain the CQI value before performing bandwidth and throughput calculations.

=== YOUR TASK ===
1. Call ray_tracing(user_x=-125.44, user_y=113.64, region=""HKUST_Center"") to obtain the user's CQI
2. Slice Type: Classify the service as eMBB (high bandwidth) or URLLC (low latency)
3. Bandwidth: Calculate using Proportional Fairness - B = SliceCapacity / (ExistingUsers + 1)
4. Throughput: Calculate using Shannon Formula - T = 10 * B * log10(1 + 10^(CQI/10))

=== CONSTRAINTS ===
- eMBB: Bandwidth range [6-20] MHz
- URLLC: Bandwidth range [1-5] MHz

=== OUTPUT FORMAT ===
CQI: [value from ray_tracing tool]
Slice Type: [eMBB or URLLC]
Bandwidth: [value] MHz
Throughput: [value] Mbps","CQI: 22
Slice Type: eMBB
Bandwidth: 10 MHz
Throughput: 130.10 Mbps","{'slice_type': 'eMBB', 'cqi': 9, 'bandwidth': 9.0, 'throughput': 85.63}",0.495,0.0067572
"You are a 5G network slicing expert. Your task is to allocate network resources for a new user joining the network.

=== NETWORK STATE ===
- eMBB Slice: 2 active users (Total capacity: 90 MHz)
- URLLC Slice: 7 active users (Total capacity: 30 MHz)

=== NEW USER INFORMATION ===
- User Position: (-20.77, 55.14) meters (local coordinates)
- Region: HKUST_North
- Service Request: ""I want to download software updates""

=== IMPORTANT ===
The user's Channel Quality Indicator (CQI) is NOT directly provided.
You MUST call the ray_tracing tool with the user's position and region to obtain the CQI value before performing bandwidth and throughput calculations.

=== YOUR TASK ===
1. Call ray_tracing(user_x=-20.77, user_y=55.14, region=""HKUST_North"") to obtain the user's CQI
2. Slice Type: Classify the service as eMBB (high bandwidth) or URLLC (low latency)
3. Bandwidth: Calculate using Proportional Fairness - B = SliceCapacity / (ExistingUsers + 1)
4. Throughput: Calculate using Shannon Formula - T = 10 * B * log10(1 + 10^(CQI/10))

=== CONSTRAINTS ===
- eMBB: Bandwidth range [6-20] MHz
- URLLC: Bandwidth range [1-5] MHz

=== OUTPUT FORMAT ===
CQI: [value from ray_tracing tool]
Slice Type: [eMBB or URLLC]
Bandwidth: [value] MHz
Throughput: [value] Mbps","CQI: 12
Slice Type: eMBB
Bandwidth: 30 MHz
Throughput: 180.6 Mbps","{'slice_type': 'eMBB', 'cqi': 15, 'bandwidth': 20.0, 'throughput': 302.7}",0.42500000000000004,0.006451399999999999
"You are a 5G network slicing expert. Your task is to allocate network resources for a new user joining the network.

=== NETWORK STATE ===
- eMBB Slice: 9 active users (Total capacity: 90 MHz)
- URLLC Slice: 8 active users (Total capacity: 30 MHz)

=== NEW USER INFORMATION ===
- User Position: (34.0, -13.06) meters (local coordinates)
- Region: HKUST_South
- Service Request: ""I want to use augmented reality navigation""

=== IMPORTANT ===
The user's Channel Quality Indicator (CQI) is NOT directly provided.
You MUST call the ray_tracing tool with the user's position and region to obtain the CQI value before performing bandwidth and throughput calculations.

=== YOUR TASK ===
1. Call ray_tracing(user_x=34.0, user_y=-13.06, region=""HKUST_South"") to obtain the user's CQI
2. Slice Type: Classify the service as eMBB (high bandwidth) or URLLC (low latency)
3. Bandwidth: Calculate using Proportional Fairness - B = SliceCapacity / (ExistingUsers + 1)
4. Throughput: Calculate using Shannon Formula - T = 10 * B * log10(1 + 10^(CQI/10))

=== CONSTRAINTS ===
- eMBB: Bandwidth range [6-20] MHz
- URLLC: Bandwidth range [1-5] MHz

=== OUTPUT FORMAT ===
CQI: [value from ray_tracing tool]
Slice Type: [eMBB or URLLC]
Bandwidth: [value] MHz
Throughput: [value] Mbps","CQI: 12  
Slice Type: eMBB  
Bandwidth: 10 MHz  
Throughput: 40 Mbps","{'slice_type': 'eMBB', 'cqi': 15, 'bandwidth': 9.0, 'throughput': 136.22}",0.525,0.00759565
"You are a 5G network slicing expert. Your task is to allocate network resources for a new user joining the network.

=== NETWORK STATE ===
- eMBB Slice: 10 active users (Total capacity: 90 MHz)
- URLLC Slice: 6 active users (Total capacity: 30 MHz)

=== NEW USER INFORMATION ===
- User Position: (105.11, -23.2) meters (local coordinates)
- Region: HKUST_South
- Service Request: ""I need early warning system deployment""

=== IMPORTANT ===
The user's Channel Quality Indicator (CQI) is NOT directly provided.
You MUST call the ray_tracing tool with the user's position and region to obtain the CQI value before performing bandwidth and throughput calculations.

=== YOUR TASK ===
1. Call ray_tracing(user_x=105.11, user_y=-23.2, region=""HKUST_South"") to obtain the user's CQI
2. Slice Type: Classify the service as eMBB (high bandwidth) or URLLC (low latency)
3. Bandwidth: Calculate using Proportional Fairness - B = SliceCapacity / (ExistingUsers + 1)
4. Throughput: Calculate using Shannon Formula - T = 10 * B * log10(1 + 10^(CQI/10))

=== CONSTRAINTS ===
- eMBB: Bandwidth range [6-20] MHz
- URLLC: Bandwidth range [1-5] MHz

=== OUTPUT FORMAT ===
CQI: [value from ray_tracing tool]
Slice Type: [eMBB or URLLC]
Bandwidth: [value] MHz
Throughput: [value] Mbps","CQI: 22
Slice Type: URLLC
Bandwidth: 3 MHz
Throughput: 45.0 Mbps","{'slice_type': 'URLLC', 'cqi': 12, 'bandwidth': 4.29, 'throughput': 52.62}",0.53,0.007444699999999999
"You are a 5G network slicing expert. Your task is to allocate network resources for a new user joining the network.

=== NETWORK STATE ===
- eMBB Slice: 4 active users (Total capacity: 90 MHz)
- URLLC Slice: 10 active users (Total capacity: 30 MHz)

=== NEW USER INFORMATION ===
- User Position: (-65.79, 49.79) meters (local coordinates)
- Region: HKUST_South
- Service Request: ""I need to participate in a video conference""

=== IMPORTANT ===
The user's Channel Quality Indicator (CQI) is NOT directly provided.
You MUST call the ray_tracing tool with the user's position and region to obtain the CQI value before performing bandwidth and throughput calculations.

=== YOUR TASK ===
1. Call ray_tracing(user_x=-65.79, user_y=49.79, region=""HKUST_South"") to obtain the user's CQI
2. Slice Type: Classify the service as eMBB (high bandwidth) or URLLC (low latency)
3. Bandwidth: Calculate using Proportional Fairness - B = SliceCapacity / (ExistingUsers + 1)
4. Throughput: Calculate using Shannon Formula - T = 10 * B * log10(1 + 10^(CQI/10))

=== CONSTRAINTS ===
- eMBB: Bandwidth range [6-20] MHz
- URLLC: Bandwidth range [1-5] MHz

=== OUTPUT FORMAT ===
CQI: [value from ray_tracing tool]
Slice Type: [eMBB or URLLC]
Bandwidth: [value] MHz
Throughput: [value] Mbps","CQI: 12
Slice Type: eMBB
Bandwidth: 18 MHz
Throughput: 108 Mbps","{'slice_type': 'eMBB', 'cqi': 15, 'bandwidth': 18.0, 'throughput': 272.43}",0.63,0.006601649999999999
"You are a 5G network slicing expert. Your task is to allocate network resources for a new user joining the network.

=== NETWORK STATE ===
- eMBB Slice: 9 active users (Total capacity: 90 MHz)
- URLLC Slice: 8 active users (Total capacity: 30 MHz)

=== NEW USER INFORMATION ===
- User Position: (-13.81, -3.76) meters (local coordinates)
- Region: HKUST_North
- Service Request: ""I need cloud-based AI image processing""

=== IMPORTANT ===
The user's Channel Quality Indicator (CQI) is NOT directly provided.
You MUST call the ray_tracing tool with the user's position and region to obtain the CQI value before performing bandwidth and throughput calculations.

=== YOUR TASK ===
1. Call ray_tracing(user_x=-13.81, user_y=-3.76, region=""HKUST_North"") to obtain the user's CQI
2. Slice Type: Classify the service as eMBB (high bandwidth) or URLLC (low latency)
3. Bandwidth: Calculate using Proportional Fairness - B = SliceCapacity / (ExistingUsers + 1)
4. Throughput: Calculate using Shannon Formula - T = 10 * B * log10(1 + 10^(CQI/10))

=== CONSTRAINTS ===
- eMBB: Bandwidth range [6-20] MHz
- URLLC: Bandwidth range [1-5] MHz

=== OUTPUT FORMAT ===
CQI: [value from ray_tracing tool]
Slice Type: [eMBB or URLLC]
Bandwidth: [value] MHz
Throughput: [value] Mbps","CQI: 12
Slice Type: eMBB
Bandwidth: 10 MHz
Throughput: 40.0 Mbps","{'slice_type': 'eMBB', 'cqi': 15, 'bandwidth': 9.0, 'throughput': 136.22}",0.525,0.006563699999999999
"You are a 5G network slicing expert. Your task is to allocate network resources for a new user joining the network.

=== NETWORK STATE ===
- eMBB Slice: 7 active users (Total capacity: 90 MHz)
- URLLC Slice: 8 active users (Total capacity: 30 MHz)

=== NEW USER INFORMATION ===
- User Position: (36.84, 88.4) meters (local coordinates)
- Region: HKUST_South
- Service Request: ""I want to download software updates""

=== IMPORTANT ===
The user's Channel Quality Indicator (CQI) is NOT directly provided.
You MUST call the ray_tracing tool with the user's position and region to obtain the CQI value before performing bandwidth and throughput calculations.

=== YOUR TASK ===
1. Call ray_tracing(user_x=36.84, user_y=88.4, region=""HKUST_South"") to obtain the user's CQI
2. Slice Type: Classify the service as eMBB (high bandwidth) or URLLC (low latency)
3. Bandwidth: Calculate using Proportional Fairness - B = SliceCapacity / (ExistingUsers + 1)
4. Throughput: Calculate using Shannon Formula - T = 10 * B * log10(1 + 10^(CQI/10))

=== CONSTRAINTS ===
- eMBB: Bandwidth range [6-20] MHz
- URLLC: Bandwidth range [1-5] MHz

=== OUTPUT FORMAT ===
CQI: [value from ray_tracing tool]
Slice Type: [eMBB or URLLC]
Bandwidth: [value] MHz
Throughput: [value] Mbps","CQI: 12
Slice Type: eMBB
Bandwidth: 10 MHz
Throughput: 40 Mbps","{'slice_type': 'eMBB', 'cqi': 15, 'bandwidth': 11.25, 'throughput': 170.27}",0.525,0.007099
"You are a 5G network slicing expert. Your task is to allocate network resources for a new user joining the network.

=== NETWORK STATE ===
- eMBB Slice: 7 active users (Total capacity: 90 MHz)
- URLLC Slice: 10 active users (Total capacity: 30 MHz)

=== NEW USER INFORMATION ===
- User Position: (-55.9, 31.78) meters (local coordinates)
- Region: HKUST_North
- Service Request: ""I need emergency response coordination""

=== IMPORTANT ===
The user's Channel Quality Indicator (CQI) is NOT directly provided.
You MUST call the ray_tracing tool with the user's position and region to obtain the CQI value before performing bandwidth and throughput calculations.

=== YOUR TASK ===
1. Call ray_tracing(user_x=-55.9, user_y=31.78, region=""HKUST_North"") to obtain the user's CQI
2. Slice Type: Classify the service as eMBB (high bandwidth) or URLLC (low latency)
3. Bandwidth: Calculate using Proportional Fairness - B = SliceCapacity / (ExistingUsers + 1)
4. Throughput: Calculate using Shannon Formula - T = 10 * B * log10(1 + 10^(CQI/10))

=== CONSTRAINTS ===
- eMBB: Bandwidth range [6-20] MHz
- URLLC: Bandwidth range [1-5] MHz

=== OUTPUT FORMAT ===
CQI: [value from ray_tracing tool]
Slice Type: [eMBB or URLLC]
Bandwidth: [value] MHz
Throughput: [value] Mbps","CQI: 12  
Slice Type: URLLC  
Bandwidth: 3 MHz  
Throughput: 30 Mbps","{'slice_type': 'URLLC', 'cqi': 15, 'bandwidth': 2.73, 'throughput': 41.32}",0.7025,0.006145499999999999
"You are a 5G network slicing expert. Your task is to allocate network resources for a new user joining the network.

=== NETWORK STATE ===
- eMBB Slice: 11 active users (Total capacity: 90 MHz)
- URLLC Slice: 9 active users (Total capacity: 30 MHz)

=== NEW USER INFORMATION ===
- User Position: (90.19, -19.65) meters (local coordinates)
- Region: HKUST_North
- Service Request: ""I need to participate in a video conference""

=== IMPORTANT ===
The user's Channel Quality Indicator (CQI) is NOT directly provided.
You MUST call the ray_tracing tool with the user's position and region to obtain the CQI value before performing bandwidth and throughput calculations.

=== YOUR TASK ===
1. Call ray_tracing(user_x=90.19, user_y=-19.65, region=""HKUST_North"") to obtain the user's CQI
2. Slice Type: Classify the service as eMBB (high bandwidth) or URLLC (low latency)
3. Bandwidth: Calculate using Proportional Fairness - B = SliceCapacity / (ExistingUsers + 1)
4. Throughput: Calculate using Shannon Formula - T = 10 * B * log10(1 + 10^(CQI/10))

=== CONSTRAINTS ===
- eMBB: Bandwidth range [6-20] MHz
- URLLC: Bandwidth range [1-5] MHz

=== OUTPUT FORMAT ===
CQI: [value from ray_tracing tool]
Slice Type: [eMBB or URLLC]
Bandwidth: [value] MHz
Throughput: [value] Mbps","CQI: 12  
Slice Type: eMBB  
Bandwidth: 8.18 MHz  
Throughput: 54.6 Mbps","{'slice_type': 'eMBB', 'cqi': 13, 'bandwidth': 7.5, 'throughput': 99.09}",0.7424999999999999,0.0078992
